WORD_ID,VOCAB_WORD,prob_ctg_1,prob_ctg_0,prob_in_all_doc
0,black,0.000655112,0.027805908,0.014264267
1,pocket,0.000655112,0.027218163,0.013969664
2,tape,0.000655112,0.022642153,0.01167597
3,zipper,0.000655112,0.022026421,0.011367338
4,label,0.000655112,0.022446239,0.011577769
5,color,0.000655112,0.022390263,0.011549711
6,side,0.000655112,0.020864926,0.010785147
7,shell,0.000655112,0.019423553,0.010062668
8,slider,0.000655112,0.011307083,0.005994341
9,oxid,0.000655112,0.011936809,0.006309987
10,per,0.000655112,0.013000346,0.006843078
11,seam,0.000655112,0.011572967,0.006127614
12,number,0.000655112,0.01140504,0.006043442
13,teeth,0.000655112,0.010327509,0.005503336
14,tcx,0.000655112,0.010159582,0.005419164
15,fabric,0.000655112,0.009249977,0.004963231
16,ref,0.000655112,0.009501868,0.005089489
17,coil,0.000655112,0.008620251,0.004647585
18,back,0.000655112,0.008620251,0.004647585
19,left,0.000655112,0.008550282,0.004612513
20,x,0.000103049,0.000100776,0.00010191
21,loop,0.000655112,0.008158452,0.004416111
22,front,0.000655112,0.007612689,0.004142551
23,tag,0.000655112,0.007822598,0.004247766
24,ykk,0.000655112,0.008032507,0.004352982
25,lock,0.000655112,0.007598695,0.004135537
26,silver,0.000655112,0.007024945,0.003847948
27,hood,0.000655112,0.006871012,0.00377079
28,leather,0.001965335,0.006745067,0.004361143
29,snap,0.000655112,0.006465188,0.003567374
30,suppli,0.000655112,0.005835462,0.003251728
31,copper,0.000655112,0.006689091,0.003679604
32,pull,0.000655112,0.006437201,0.003553345
33,faux,0.000655112,0.006269274,0.003469173
34,hand,0.000655112,0.006059365,0.003363958
35,adjust,0.000655112,0.005807474,0.003237699
36,right,0.000655112,0.00586345,0.003265757
37,hem,0.000655112,0.005667535,0.003167556
38,nylon,0.10874851,0.003176619,0.055831303
39,sourc,0.002620446,0.005681529,0.004154794
40,anti,0.000655112,0.005653541,0.003160541
41,hang,0.000655112,0.005471621,0.003069355
42,cm,0.003930669,0.004925858,0.004429501
43,print,0.000655112,0.005317687,0.002992197
44,cord,0.000655112,0.005121773,0.002893996
45,metal,0.000655112,0.005065797,0.002865938
46,skirt,0.000655112,0.005191742,0.002929067
47,bodi,0.000655112,0.00514976,0.002908024
48,polyest,0.129712078,0.002015124,0.06570483
49,sleev,0.000655112,0.004687961,0.002676551
50,flap,0.000655112,0.004883876,0.002774752
51,bag,0.000655112,0.004869882,0.002767737
52,bottom,0.000655112,0.004562016,0.002613421
53,jacket,0.000655112,0.004799913,0.002732665
54,non,0.000655112,0.00514976,0.002908024
55,refer,0.000655112,0.005205736,0.002936082
56,blue,0.000655112,0.004422077,0.002543278
57,center,0.000655112,0.004128205,0.002395976
58,pant,0.000655112,0.004142199,0.002402991
59,tab,0.000655112,0.004016253,0.002339861
60,line,0.000655112,0.003988266,0.002325833
61,elast,0.000655112,0.003806345,0.002234646
62,face,0.000655112,0.003554454,0.002108388
63,grey,0.000655112,0.003694393,0.002178531
64,main,0.000655112,0.003736375,0.002199574
65,woven,0.000655112,0.003834333,0.002248675
66,sticker,0.000655112,0.003806345,0.002234646
67,corner,0.000655112,0.003680399,0.002171517
68,alloy,0.000655112,0.003750369,0.002206589
69,zip,0.000655112,0.003624424,0.00214346
70,size,0.013757342,0.003204606,0.008467853
71,dark,0.000655112,0.003652412,0.002157488
72,leg,0.000655112,0.003148631,0.001904971
73,insid,0.000655112,0.003372533,0.002017201
74,connect,0.000655112,0.002938722,0.001799756
75,end,0.000655112,0.003064667,0.001862885
76,star,0.000655112,0.002924728,0.001792742
77,twill,0.000655112,0.003022686,0.001841842
78,bright,0.000655112,0.003162625,0.001911986
79,puller,0.000655112,0.003078661,0.0018699
80,brass,0.000655112,0.003260582,0.001961086
81,soli,0.000655112,0.002630856,0.00164544
82,vent,0.000655112,0.003008692,0.001834828
83,web,0.000655112,0.002770795,0.001715584
84,round,0.000655112,0.003036679,0.001848857
85,close,0.000655112,0.002742807,0.001701555
86,antiqu,0.000655112,0.003022686,0.001841842
87,open,0.000655112,0.002854759,0.00175767
88,spi,0.000655112,0.002826771,0.001743641
89,mesh,0.000655112,0.002700825,0.001680512
90,logo,0.000655112,0.002546892,0.001603354
91,collar,0.000655112,0.002588874,0.001624397
92,cuff,0.000655112,0.002546892,0.001603354
93,trim,0.000655112,0.00257488,0.001617383
94,tricot,0.000655112,0.002364972,0.001512167
95,powder,0.000655112,0.002448935,0.001554254
96,dull,0.000655112,0.002504911,0.001582311
97,l,0.019653345,0.001875185,0.010742161
98,night,0.000655112,0.002532898,0.00159634
99,gaiter,0.000655112,0.002239026,0.001449038
100,top,0.000655112,0.002281008,0.001470081
101,rl,0.000655112,0.002378965,0.001519182
102,fit,0.000655112,0.002406953,0.001533211
103,male,0.000655112,0.002350978,0.001505153
104,poli,0.042582248,0.001385398,0.021932601
105,wire,0.000655112,0.002476923,0.001568282
106,match,0.000655112,0.002350978,0.001505153
107,art,0.000655112,0.002392959,0.001526196
108,regular,0.000655112,0.002015124,0.001336809
109,thread,0.000655112,0.002183051,0.001420981
110,eyelet,0.000655112,0.002113081,0.001385909
111,flat,0.000655112,0.002057105,0.001357852
112,sheet,0.000655112,0.002336984,0.001498139
113,drawcord,0.000655112,0.002113081,0.001385909
114,button,0.000655112,0.002169057,0.001413966
115,see,0.000655112,0.002113081,0.001385909
116,plastic,0.000655112,0.002099087,0.001378895
117,matt,0.000655112,0.001959148,0.001308751
118,hook,0.000655112,0.001903172,0.001280694
119,neck,0.000655112,0.00200113,0.001329794
120,femal,0.000655112,0.002099087,0.001378895
121,broken,0.000655112,0.002057105,0.001357852
122,red,0.000655112,0.001847197,0.001252636
123,chest,0.000655112,0.002029118,0.001343823
124,halti,0.000655112,0.001959148,0.001308751
125,washer,0.000655112,0.001637288,0.001147421
126,mm,0.003930669,0.001959148,0.002942457
127,dadhr,0.000655112,0.002099087,0.001378895
128,luk,0.000103049,0.000101415,0.00010223
129,dalh,0.000655112,0.001847197,0.001252636
130,velcro,0.000655112,0.001889178,0.001273679
131,incl,0.000655112,0.0016093,0.001133392
132,time,0.000655112,0.00200113,0.001329794
133,clip,0.000655112,0.001805215,0.001231593
134,wearer,0.000655112,0.001889178,0.001273679
135,lafuma,0.000655112,0.001777227,0.001217564
136,swivel,0.000655112,0.001469361,0.001063249
137,set,0.000655112,0.00167927,0.001168464
138,film,0.000655112,0.001777227,0.001217564
139,belt,0.000655112,0.001539331,0.00109832
140,stopper,0.000655112,0.001665276,0.00116145
141,finish,0.000655112,0.00167927,0.001168464
142,pseudo,0.000655112,0.001805215,0.001231593
143,white,0.000655112,0.001693264,0.001175478
144,waist,0.000655112,0.001567318,0.001112349
145,embroideri,0.000655112,0.001553324,0.001105335
146,edg,0.000655112,0.001581312,0.001119363
147,width,0.000655112,0.001441373,0.00104922
148,code,0.000655112,0.001763233,0.00121055
149,women,0.000655112,0.001637288,0.001147421
150,camo,0.000655112,0.001651282,0.001154435
151,band,0.000655112,0.001581312,0.001119363
152,dwr,0.000655112,0.0016093,0.001133392
153,fli,0.000655112,0.001553324,0.001105335
154,coat,0.000655112,0.001441373,0.00104922
155,inner,0.000655112,0.001483355,0.001070263
156,attach,0.000655112,0.001497349,0.001077277
157,sampl,0.000655112,0.001483355,0.001070263
158,jkt,0.000655112,0.001315428,0.000986091
159,nickel,0.000655112,0.001595306,0.001126378
160,tie,0.000655112,0.001343416,0.001000119
161,sorc,0.000655112,0.001497349,0.001077277
162,vislon,0.000655112,0.001539331,0.00109832
163,satin,0.000655112,0.001483355,0.001070263
164,made,0.000655112,0.001553324,0.001105335
165,auto,0.000655112,0.001539331,0.00109832
166,seal,0.000655112,0.001301434,0.000979076
167,part,0.000655112,0.001203477,0.000929976
168,vertic,0.000655112,0.001427379,0.001042206
169,panel,0.000655112,0.001441373,0.00104922
170,w,0.000103049,0.000101501,0.000102273
171,critic,0.000655112,0.001385398,0.001021163
172,self,0.000655112,0.00128744,0.000972062
173,custom,0.000655112,0.001455367,0.001056234
174,patch,0.000655112,0.001273446,0.000965048
175,separ,0.000655112,0.001371404,0.001014148
176,hangtag,0.000655112,0.001343416,0.001000119
177,waistband,0.000655112,0.001133507,0.000894904
178,closur,0.000655112,0.001147501,0.000901918
179,bind,0.000655112,0.001203477,0.000929976
180,revers,0.000655112,0.001343416,0.001000119
181,detail,0.000655112,0.001245458,0.000951019
182,nuber,0.000655112,0.001315428,0.000986091
183,diecast,0.000655112,0.001301434,0.000979076
184,lower,0.000655112,0.001147501,0.000901918
185,way,0.000655112,0.001105519,0.000880875
186,corpor,0.000655112,0.001217471,0.00093699
187,plain,0.000655112,0.001217471,0.00093699
188,tip,0.000655112,0.001147501,0.000901918
189,stretch,0.000655112,0.001161495,0.000908933
190,oliv,0.000655112,0.001077531,0.000866847
191,tbd,0.000103049,0.000101515,0.00010228
192,insert,0.000655112,0.000993568,0.000824761
193,key,0.000655112,0.001007562,0.000831775
194,lycra,0.000655112,0.000979574,0.000817746
195,emboss,0.000655112,0.00096558,0.000810732
196,warn,0.000655112,0.001133507,0.000894904
197,gray,0.000655112,0.000993568,0.000824761
198,die,0.000655112,0.001161495,0.000908933
199,cast,0.000655112,0.001161495,0.000908933
200,mantl,0.000655112,0.001077531,0.000866847
201,sml,0.000103049,0.00010153,0.000102288
202,short,0.000655112,0.001105519,0.000880875
203,b,0.000103049,0.000101515,0.00010228
204,qualiti,0.000655112,0.00096558,0.000810732
205,pahio,0.000655112,0.00096558,0.000810732
206,hidden,0.000655112,0.000937592,0.000796703
207,panton,0.000655112,0.000993568,0.000824761
208,storm,0.000655112,0.001091525,0.000873861
209,taffeta,0.000655112,0.000839635,0.000747603
210,brush,0.000655112,0.001021556,0.000838789
211,supplier,0.000655112,0.000993568,0.000824761
212,exit,0.000655112,0.00096558,0.000810732
213,militari,0.000655112,0.000895611,0.00077566
214,semi,0.000655112,0.001049544,0.000852818
215,larg,0.013757342,0.000699696,0.007212284
216,insul,0.000655112,0.000909604,0.000782674
217,denim,0.000655112,0.000909604,0.000782674
218,gold,0.000655112,0.000937592,0.000796703
219,ink,0.000655112,0.00103555,0.000845804
220,e,0.000103049,0.000101523,0.000102284
221,dfw,0.000655112,0.001007562,0.000831775
222,xl,0.019653345,0.000503781,0.010054754
223,upc,0.000655112,0.000853629,0.000754617
224,origin,0.000655112,0.000951586,0.000803717
225,gunmet,0.000655112,0.000951586,0.000803717
226,china,0.000655112,0.000769665,0.000712531
227,morpho,0.000655112,0.00096558,0.000810732
228,ming,0.000655112,0.000853629,0.000754617
229,guard,0.000655112,0.000881617,0.000768646
230,chain,0.000655112,0.000783659,0.000719545
231,wax,0.000655112,0.000825641,0.000740588
232,mid,0.000655112,0.000839635,0.000747603
233,fulli,0.000655112,0.000853629,0.000754617
234,item,0.000655112,0.000797653,0.00072656
235,weight,0.000655112,0.000797653,0.00072656
236,matter,0.000655112,0.000881617,0.000768646
237,cap,0.000655112,0.000881617,0.000768646
238,shyang,0.000655112,0.000853629,0.000754617
239,page,0.000655112,0.000797653,0.00072656
240,garment,0.000655112,0.000769665,0.000712531
241,men,0.000655112,0.000853629,0.000754617
242,tseu,0.009171561,0.000685702,0.004918081
243,heat,0.000655112,0.000811647,0.000733574
244,topstitch,0.000655112,0.000769665,0.000712531
245,content,0.000655112,0.000783659,0.000719545
246,nitro,0.000655112,0.000783659,0.000719545
247,mmg,0.000655112,0.000797653,0.00072656
248,cloth,0.000655112,0.000825641,0.000740588
249,biella,0.000655112,0.000853629,0.000754617
250,tpu,0.011136896,0.000475793,0.005793089
251,melang,0.000655112,0.000657714,0.000656416
252,placket,0.000655112,0.00071369,0.000684473
253,green,0.000655112,0.000587744,0.000621344
254,interfac,0.000655112,0.00071369,0.000684473
255,deboss,0.000655112,0.00071369,0.000684473
256,cb,0.000655112,0.000657714,0.000656416
257,placement,0.000655112,0.000685702,0.000670445
258,intern,0.000655112,0.000797653,0.00072656
259,wipe,0.000655112,0.000741677,0.000698502
260,silt,0.000655112,0.000755671,0.000705516
261,wrap,0.000655112,0.000657714,0.000656416
262,stitch,0.000655112,0.000727684,0.000691488
263,transfer,0.000655112,0.000657714,0.000656416
264,wo,0.000655112,0.000783659,0.000719545
265,sketch,0.000655112,0.000699696,0.000677459
266,terri,0.000655112,0.00057375,0.00061433
267,allow,0.000655112,0.000685702,0.000670445
268,pcs,0.000655112,0.00071369,0.000684473
269,brand,0.000655112,0.000671708,0.00066343
270,gripper,0.000655112,0.000629726,0.000642387
271,care,0.000655112,0.00071369,0.000684473
272,free,0.000655112,0.000685702,0.000670445
273,adhes,0.000655112,0.000699696,0.000677459
274,slate,0.000655112,0.000629726,0.000642387
275,clear,0.000655112,0.00071369,0.000684473
276,velveti,0.000655112,0.00057375,0.00061433
277,ecoya,0.000655112,0.000517775,0.000586272
278,shockcord,0.000655112,0.00064372,0.000649402
279,pass,0.000655112,0.000685702,0.000670445
280,goggl,0.000655112,0.000685702,0.000670445
281,royal,0.000655112,0.000685702,0.000670445
282,vietnam,0.000655112,0.000545763,0.000600301
283,lamin,0.000655112,0.000671708,0.00066343
284,screen,0.000655112,0.000587744,0.000621344
285,yf,0.000655112,0.00057375,0.00061433
286,leaf,0.000655112,0.000587744,0.000621344
287,airblast,0.000655112,0.000587744,0.000621344
288,product,0.000655112,0.000657714,0.000656416
289,local,0.000655112,0.00064372,0.000649402
290,one,0.000655112,0.00057375,0.00061433
291,artwork,0.000655112,0.00057375,0.00061433
292,tpx,0.000655112,0.000559757,0.000607315
293,keyclip,0.000655112,0.00057375,0.00061433
294,special,0.000655112,0.00057375,0.00061433
295,harvest,0.000655112,0.000559757,0.000607315
296,avail,0.000655112,0.000601738,0.000628359
297,jungl,0.000655112,0.000601738,0.000628359
298,util,0.000655112,0.000433811,0.000544186
299,use,0.000655112,0.000587744,0.000621344
300,dtm,0.000655112,0.000489787,0.000572244
301,dragon,0.000655112,0.000531769,0.000593287
302,kensin,0.000655112,0.000615732,0.000635373
303,interior,0.000655112,0.000559757,0.000607315
304,fix,0.000655112,0.000601738,0.000628359
305,head,0.000655112,0.000489787,0.000572244
306,musi,0.000655112,0.000601738,0.000628359
307,system,0.000655112,0.000545763,0.000600301
308,mix,0.000655112,0.00057375,0.00061433
309,cf,0.000655112,0.00057375,0.00061433
310,lace,0.000655112,0.000433811,0.000544186
311,necklin,0.000655112,0.000475793,0.000565229
312,ribbon,0.003275558,0.000517775,0.001893237
313,length,0.000655112,0.000475793,0.000565229
314,base,0.000655112,0.000587744,0.000621344
315,heather,0.000655112,0.000531769,0.000593287
316,db,0.000655112,0.00057375,0.00061433
317,gate,0.000655112,0.00057375,0.00061433
318,horizont,0.000655112,0.000489787,0.000572244
319,polyfil,0.000655112,0.000531769,0.000593287
320,doxcp,0.000655112,0.000559757,0.000607315
321,gusset,0.000655112,0.000489787,0.000572244
322,small,0.000655112,0.000503781,0.000579258
323,aquaguard,0.000655112,0.000559757,0.000607315
324,pfc,0.000655112,0.000489787,0.000572244
325,behind,0.000655112,0.000433811,0.000544186
326,pink,0.000655112,0.000545763,0.000600301
327,rivet,0.000655112,0.000475793,0.000565229
328,burgundi,0.000655112,0.000349848,0.0005021
329,m,0.019653345,7.00E-05,0.009837309
330,entri,0.000655112,0.000489787,0.000572244
331,ht,0.000655112,0.000517775,0.000586272
332,slip,0.000655112,0.000489787,0.000572244
333,tsgs,0.000655112,0.000503781,0.000579258
334,fleec,0.000655112,0.000489787,0.000572244
335,knit,0.000655112,0.000461799,0.000558215
336,s,0.000101149,1.02E-04,0.000101384
337,bulk,0.000655112,0.000461799,0.000558215
338,upper,0.000655112,0.000503781,0.000579258
339,gator,0.000655112,0.000517775,0.000586272
340,pearl,0.000655112,0.000517775,0.000586272
341,nightykk,0.000655112,0.000517775,0.000586272
342,ho,0.000655112,0.000517775,0.000586272
343,paiho,0.000655112,0.000517775,0.000586272
344,chin,0.000655112,0.000517775,0.000586272
345,attch,0.000655112,0.000377836,0.000516129
346,boot,0.000655112,0.000405824,0.000530158
347,rubber,0.000655112,0.000461799,0.000558215
348,shoelac,0.000655112,0.00039183,0.000523143
349,shoulder,0.000655112,0.000419817,0.000537172
350,pewter,0.000655112,0.000433811,0.000544186
351,climact,0.000655112,0.000461799,0.000558215
352,pack,0.000655112,0.000377836,0.000516129
353,backsid,0.000655112,0.000433811,0.000544186
354,overdy,0.000655112,0.00039183,0.000523143
355,bone,0.000655112,0.000475793,0.000565229
356,avoid,0.000655112,0.000447805,0.000551201
357,middl,0.000655112,0.000461799,0.000558215
358,asymmetr,0.000655112,0.000461799,0.000558215
359,cs,0.000655112,0.000433811,0.000544186
360,rong,0.000655112,0.000349848,0.0005021
361,below,0.000655112,0.000433811,0.000544186
362,conceal,0.000655112,0.000461799,0.000558215
363,welt,0.000655112,0.00039183,0.000523143
364,media,0.000655112,0.000419817,0.000537172
365,around,0.000655112,0.000349848,0.0005021
366,wei,0.000655112,0.000349848,0.0005021
367,walnut,0.000655112,0.000447805,0.000551201
368,antic,0.000655112,0.000349848,0.0005021
369,away,0.000655112,0.000377836,0.000516129
370,shini,0.000655112,0.000433811,0.000544186
371,h,0.000103049,0.000101589,0.000102317
372,orang,0.000655112,0.000377836,0.000516129
373,layer,0.000655112,0.000419817,0.000537172
374,tripl,0.000655112,0.000405824,0.000530158
375,posit,0.000655112,0.000405824,0.000530158
376,tone,0.000655112,0.000265884,0.000460014
377,rust,0.000655112,0.000405824,0.000530158
378,hole,0.000655112,0.000405824,0.000530158
379,brim,0.000655112,0.000419817,0.000537172
380,drop,0.000655112,0.00039183,0.000523143
381,yoke,0.000655112,0.000363842,0.000509114
382,pes,0.00851645,0.00025189,0.004373894
383,grommet,0.000655112,0.000363842,0.000509114
384,core,0.000655112,0.000405824,0.000530158
385,grosgrain,0.003275558,0.000335854,0.001802051
386,stay,0.000655112,0.000293872,0.000474043
387,low,0.000655112,0.000349848,0.0005021
388,spare,0.000655112,0.000405824,0.000530158
389,impact,0.000655112,0.000349848,0.0005021
390,plastisol,0.000655112,0.000405824,0.000530158
391,oxblood,0.000655112,0.000405824,0.000530158
392,finger,0.000655112,0.000335854,0.000495086
393,pinneco,0.000655112,0.000405824,0.000530158
394,dsbyg,0.000655112,0.000307866,0.000481057
395,cover,0.000655112,0.000349848,0.0005021
396,navi,0.000655112,0.000377836,0.000516129
397,swell,0.000655112,0.00039183,0.000523143
398,place,0.000655112,0.00039183,0.000523143
399,proto,0.000655112,0.00039183,0.000523143
400,ride,0.000655112,0.00032186,0.000488071
401,last,0.000655112,0.000377836,0.000516129
402,piec,0.000655112,0.000335854,0.000495086
403,brown,0.000655112,0.000349848,0.0005021
404,metalux,0.000655112,0.000209909,0.000431957
405,shang,0.000655112,0.000265884,0.000460014
406,reinforc,0.000655112,0.000307866,0.000481057
407,hold,0.000655112,0.000293872,0.000474043
408,big,0.000655112,0.000335854,0.000495086
409,ca,0.000655112,0.000335854,0.000495086
410,strap,0.000655112,0.00025189,0.000453
411,usa,0.000655112,0.000349848,0.0005021
412,freedom,0.000655112,0.000265884,0.000460014
413,bib,0.000655112,0.000335854,0.000495086
414,yd,0.000655112,0.000363842,0.000509114
415,diamet,0.000655112,0.000335854,0.000495086
416,solid,0.000655112,0.000335854,0.000495086
417,pleas,0.000655112,0.000363842,0.000509114
418,year,0.000655112,0.000363842,0.000509114
419,scott,0.000655112,0.000349848,0.0005021
420,ia,0.000655112,0.000349848,0.0005021
421,shadow,0.000655112,0.000349848,0.0005021
422,herringbon,0.000655112,0.000293872,0.000474043
423,lime,0.000655112,0.000349848,0.0005021
424,wmns,0.000655112,0.000307866,0.000481057
425,rn,0.000655112,0.000307866,0.000481057
426,misti,0.000655112,0.000293872,0.000474043
427,delrin,0.000655112,0.00025189,0.000453
428,guid,0.000655112,0.000293872,0.000474043
429,cotton,0.002620446,0.000293872,0.001454266
430,j,0.000103049,0.000101592,0.000102319
431,nightfal,0.000655112,0.000307866,0.000481057
432,membran,0.000655112,0.000209909,0.000431957
433,bombay,0.000655112,0.00032186,0.000488071
434,full,0.000655112,0.000279878,0.000467028
435,rubberref,0.000655112,0.000279878,0.000467028
436,flag,0.000655112,0.000237897,0.000445985
437,follow,0.000655112,0.000209909,0.000431957
438,micro,0.000655112,0.00032186,0.000488071
439,shock,0.000655112,0.000293872,0.000474043
440,wick,0.000655112,0.000265884,0.000460014
441,autolock,0.000655112,0.00032186,0.000488071
442,spandex,0.003930669,0.000181921,0.002051634
443,velvet,0.000655112,0.00032186,0.000488071
444,sea,0.000655112,0.000237897,0.000445985
445,knee,0.000655112,0.000279878,0.000467028
446,kifco,0.000655112,0.000307866,0.000481057
447,outsid,0.000655112,0.000265884,0.000460014
448,coatsopti,0.000655112,0.000293872,0.000474043
449,rib,0.000655112,0.00025189,0.000453
450,oxford,0.000655112,0.000265884,0.000460014
451,pu,0.005240892,0.000139939,0.002684073
452,feuill,0.000655112,0.000293872,0.000474043
453,teethykk,0.000655112,0.000237897,0.000445985
454,pdf,0.000655112,0.000279878,0.000467028
455,doubl,0.000655112,0.000237897,0.000445985
456,pinkcandi,0.000655112,0.000293872,0.000474043
457,outdoorref,0.000655112,0.000265884,0.000460014
458,dablh,0.000655112,0.000293872,0.000474043
459,holder,0.000655112,0.000279878,0.000467028
460,ventil,0.000655112,0.000195915,0.000424942
461,port,0.000655112,0.00025189,0.000453
462,order,0.000655112,0.000279878,0.000467028
463,defin,0.000655112,0.00025189,0.000453
464,surfac,0.000655112,0.000279878,0.000467028
465,napoleon,0.000655112,0.000265884,0.000460014
466,provid,0.000655112,0.000265884,0.000460014
467,vest,0.000655112,0.000265884,0.000460014
468,ball,0.000655112,0.000265884,0.000460014
469,shank,0.000655112,0.000237897,0.000445985
470,post,0.000655112,0.000237897,0.000445985
471,raco,0.000655112,0.00025189,0.000453
472,asphalt,0.000655112,0.000265884,0.000460014
473,reflect,0.000655112,0.000265884,0.000460014
474,fold,0.000655112,0.00025189,0.000453
475,nvisibl,0.000655112,0.000265884,0.000460014
476,unitex,0.000655112,0.000237897,0.000445985
477,design,0.000655112,0.000181921,0.000417928
478,donut,0.000655112,0.000237897,0.000445985
479,barrel,0.000655112,0.000237897,0.000445985
480,new,0.000655112,0.000265884,0.000460014
481,wide,0.000655112,0.00025189,0.000453
482,engrav,0.000655112,0.000265884,0.000460014
483,labelref,0.000655112,0.000237897,0.000445985
484,da,0.000655112,0.00025189,0.000453
485,arm,0.000655112,0.000265884,0.000460014
486,cabl,0.000655112,0.000223903,0.000438971
487,box,0.000655112,0.000265884,0.000460014
488,photo,0.000655112,0.000265884,0.000460014
489,shape,0.000655112,0.000181921,0.000417928
490,julep,0.000655112,9.80E-05,3.76E-04
491,puffer,0.000655112,0.000265884,0.000460014
492,market,0.000655112,0.000223903,0.000438971
493,weav,0.000655112,0.00025189,0.000453
494,libolon,0.000655112,0.000223903,0.000438971
495,out,0.000655112,0.000209909,0.000431957
496,sued,0.000655112,0.000223903,0.000438971
497,pin,0.000655112,0.00025189,0.000453
498,rip,0.000655112,0.00025189,0.000453
499,row,0.000655112,0.00025189,0.000453
500,flatlock,0.000655112,0.00025189,0.000453
501,instruct,0.000655112,0.000139939,0.000396885
502,outer,0.000655112,0.000223903,0.000438971
503,sewn,0.000655112,0.000237897,0.000445985
504,roll,0.000655112,0.000223903,0.000438971
505,wrist,0.000655112,0.000237897,0.000445985
506,planet,0.000655112,0.000223903,0.000438971
507,letter,0.000655112,0.000237897,0.000445985
508,pkt,0.000655112,0.000237897,0.000445985
509,medium,0.000655112,0.000237897,0.000445985
510,tex,0.000655112,0.000195915,0.000424942
511,artsheet,0.000655112,0.000237897,0.000445985
512,squar,0.000655112,0.000237897,0.000445985
513,windact,0.000655112,0.000181921,0.000417928
514,wilson,0.000655112,0.000209909,0.000431957
515,thick,0.000655112,0.000237897,0.000445985
516,garag,0.000655112,0.000223903,0.000438971
517,dfbw,0.000655112,0.000209909,0.000431957
518,bond,0.000655112,0.000237897,0.000445985
519,sa,0.000655112,0.000237897,0.000445985
520,palcement,0.000655112,0.000237897,0.000445985
521,stripe,0.000655112,0.000237897,0.000445985
522,tunnel,0.000655112,0.000237897,0.000445985
523,wad,0.000655112,0.000237897,0.000445985
524,slim,0.000655112,0.000223903,0.000438971
525,gwang,0.000655112,0.000237897,0.000445985
526,k,0.000103049,0.000101601,0.000102323
527,wr,0.000655112,0.000153933,0.000403899
528,remov,0.000655112,0.000195915,0.000424942
529,to,0.000655112,0.000195915,0.000424942
530,cordlock,0.000655112,0.000223903,0.000438971
531,invert,0.000655112,0.000223903,0.000438971
532,good,0.000655112,0.000181921,0.000417928
533,eclips,0.000655112,0.000167927,0.000410914
534,skinni,0.000655112,0.000223903,0.000438971
535,raven,0.000655112,0.000223903,0.000438971
536,g,0.000103049,0.000101608,0.000102327
537,eider,0.000655112,0.000195915,0.000424942
538,psudo,0.000655112,0.000209909,0.000431957
539,on,0.000655112,0.000181921,0.000417928
540,also,0.000655112,0.000195915,0.000424942
541,silder,0.000655112,0.000209909,0.000431957
542,morphoykk,0.000655112,0.000209909,0.000431957
543,dal,0.000655112,0.000209909,0.000431957
544,peak,0.000655112,0.000195915,0.000424942
545,industri,0.000655112,0.000209909,0.000431957
546,group,0.000655112,0.000181921,0.000417928
547,pinkykk,0.000655112,0.000209909,0.000431957
548,du,0.000655112,0.000209909,0.000431957
549,lift,0.000655112,0.000181921,0.000417928
550,snapref,0.000655112,0.000195915,0.000424942
551,fur,0.000655112,0.000195915,0.000424942
552,need,0.000655112,0.000153933,0.000403899
553,pm,0.000655112,0.000153933,0.000403899
554,ticket,0.000655112,0.000181921,0.000417928
555,jersey,0.000655112,0.000153933,0.000403899
556,dacr,0.000655112,0.000195915,0.000424942
557,stock,0.000655112,0.000139939,0.000396885
558,overal,0.000655112,0.000195915,0.000424942
559,spec,0.003930669,0.000195915,0.002058648
560,touch,0.000655112,0.000167927,0.000410914
561,tsa,0.000655112,0.000195915,0.000424942
562,singtex,0.000655112,0.000195915,0.000424942
563,paint,0.000655112,0.000181921,0.000417928
564,zippernot,0.000655112,0.000167927,0.000410914
565,ocean,0.000655112,0.000195915,0.000424942
566,bemi,0.000655112,0.000153933,0.000403899
567,transpar,0.000655112,0.000195915,0.000424942
568,list,0.000655112,0.000195915,0.000424942
569,all,0.000103049,0.000101606,0.000102326
570,locker,0.000655112,0.000167927,0.000410914
571,hanger,0.000655112,0.000153933,0.000403899
572,waterproof,0.000655112,0.000181921,0.000417928
573,fd,0.000655112,0.000125945,0.00038987
574,wineykk,0.000655112,0.000181921,0.000417928
575,kido,0.000655112,0.000181921,0.000417928
576,asia,0.000655112,0.000181921,0.000417928
577,charg,0.000655112,0.000181921,0.000417928
578,tech,0.000655112,0.000181921,0.000417928
579,athlet,0.000655112,0.000181921,0.000417928
580,lucki,0.000655112,0.000167927,0.000410914
581,joke,0.000655112,0.000125945,0.00038987
582,slidersuppli,0.000655112,0.000181921,0.000417928
583,mmgalpha,0.000655112,0.000167927,0.000410914
584,inform,0.000655112,0.000181921,0.000417928
585,taup,0.000655112,7.00E-05,3.62E-04
586,materi,0.000655112,0.000181921,0.000417928
587,dsyg,0.000655112,0.000181921,0.000417928
588,paddingloc,0.000655112,0.000167927,0.000410914
589,airpil,0.000655112,9.80E-05,3.76E-04
590,cire,0.000655112,0.000181921,0.000417928
591,snowgait,0.000655112,0.000181921,0.000417928
592,gatier,0.000655112,9.80E-05,3.76E-04
593,clotex,0.000655112,0.000167927,0.000410914
594,topsuppli,0.000655112,0.000167927,0.000410914
595,shoe,0.000655112,0.000181921,0.000417928
596,breathabl,0.000655112,0.000125945,0.00038987
597,labelfor,0.000655112,0.000167927,0.000410914
598,lam,0.000655112,0.000153933,0.000403899
599,smooth,0.000655112,0.000167927,0.000410914
600,ltd,0.000103049,0.000101613,0.000102329
601,cd,0.000655112,0.000167927,0.000410914
602,calvari,0.000655112,0.000167927,0.000410914
603,expos,0.000655112,0.000153933,0.000403899
604,crotch,0.000655112,0.000167927,0.000410914
605,khaki,0.000655112,0.000167927,0.000410914
606,ottoman,0.001310223,0.000125945,0.000716612
607,c,0.000103049,0.000101611,0.000102328
608,water,0.000655112,0.000167927,0.000410914
609,caf,0.000655112,9.80E-05,3.76E-04
610,dot,0.000655112,0.000153933,0.000403899
611,ski,0.000655112,0.000153933,0.000403899
612,plus,0.000655112,0.000167927,0.000410914
613,extra,0.000655112,0.000153933,0.000403899
614,pine,0.000655112,0.000125945,0.00038987
615,interlin,0.000655112,0.000139939,0.000396885
616,differ,0.000655112,0.000153933,0.000403899
617,pavement,0.000655112,0.000153933,0.000403899
618,terinda,0.000655112,0.000153933,0.000403899
619,synthet,0.000655112,0.000153933,0.000403899
620,direct,0.000655112,0.000153933,0.000403899
621,braid,0.000655112,0.000153933,0.000403899
622,five,0.000655112,0.000125945,0.00038987
623,cargo,0.000655112,0.000153933,0.000403899
624,jacquard,0.000655112,0.000153933,0.000403899
625,eco,0.000655112,0.000153933,0.000403899
626,yard,0.000655112,0.000125945,0.00038987
627,snowskirt,0.000655112,0.000153933,0.000403899
628,underarm,0.000655112,0.000139939,0.000396885
629,invis,0.000655112,0.000111951,3.83E-04
630,teal,0.000655112,0.000153933,0.000403899
631,font,0.000655112,0.000153933,0.000403899
632,seat,0.000655112,0.000153933,0.000403899
633,a,0.000103049,0.000101611,0.000102328
634,hk,0.000103049,0.00010161,0.000102328
635,past,0.000655112,0.000153933,0.000403899
636,push,0.000655112,0.000153933,0.000403899
637,problem,0.000655112,0.000153933,0.000403899
638,inject,0.000655112,0.000153933,0.000403899
639,hipster,0.000655112,0.000153933,0.000403899
640,shenzhen,0.000655112,0.000153933,0.000403899
641,offic,0.000655112,0.000153933,0.000403899
642,eiderref,0.000655112,0.000153933,0.000403899
643,thin,0.000655112,0.000153933,0.000403899
644,breath,0.000655112,0.000139939,0.000396885
645,wine,0.000655112,0.000153933,0.000403899
646,oval,0.000655112,0.000139939,0.000396885
647,sweatshirt,0.000655112,0.000125945,0.00038987
648,flower,0.000655112,0.000125945,0.00038987
649,resist,0.000655112,0.000139939,0.000396885
650,textil,0.000655112,0.000139939,0.000396885
651,dusti,0.000655112,9.80E-05,3.76E-04
652,graphic,0.000655112,9.80E-05,3.76E-04
653,ice,0.000655112,9.80E-05,3.76E-04
654,outshel,0.000655112,0.000139939,0.000396885
655,thigh,0.000655112,2.80E-05,3.41E-04
656,singl,0.000655112,8.40E-05,3.69E-04
657,noir,0.000655112,0.000139939,0.000396885
658,foldabl,0.000655112,0.000139939,0.000396885
659,factori,0.000655112,0.000139939,0.000396885
660,seper,0.000655112,0.000139939,0.000396885
661,dead,0.000655112,0.000125945,0.00038987
662,tba,0.000103049,0.000101614,1.02E-04
663,pill,0.000655112,0.000125945,0.00038987
664,dong,0.000655112,0.000125945,0.00038987
665,readi,0.000655112,0.000111951,3.83E-04
666,dawn,0.000655112,0.000125945,0.00038987
667,total,0.000655112,0.000125945,0.00038987
668,camel,0.000655112,0.000125945,0.00038987
669,junlg,0.000655112,0.000125945,0.00038987
670,hip,0.000655112,9.80E-05,3.76E-04
671,peng,0.000655112,9.80E-05,3.76E-04
672,cleaner,0.000655112,0.000111951,3.83E-04
673,dae,0.000655112,0.000125945,0.00038987
674,cut,0.000655112,0.000125945,0.00038987
675,damask,0.000655112,0.000125945,0.00038987
676,smlref,0.000655112,0.000111951,3.83E-04
677,tube,0.000655112,9.80E-05,3.76E-04
678,must,0.000655112,0.000125945,0.00038987
679,orangeykk,0.000655112,0.000125945,0.00038987
680,ninja,0.000103049,1.02E-04,1.02E-04
681,comfort,0.000655112,0.000125945,0.00038987
682,strength,0.000655112,0.000125945,0.00038987
683,drymaxx,0.000655112,0.000125945,0.00038987
684,utx,0.000655112,0.000111951,3.83E-04
685,za,0.000655112,0.000125945,0.00038987
686,li,0.000655112,9.80E-05,3.76E-04
687,spun,0.000655112,7.00E-05,3.62E-04
688,suspend,0.000655112,0.000125945,0.00038987
689,seamtap,0.000655112,0.000125945,0.00038987
690,string,0.000655112,0.000125945,0.00038987
691,activ,0.000655112,0.000125945,0.00038987
692,polytricot,0.000655112,0.000125945,0.00038987
693,sns,0.000655112,0.000125945,0.00038987
694,maxland,0.000655112,0.000125945,0.00038987
695,sourcingto,0.000655112,0.000111951,3.83E-04
696,looker,0.000655112,0.000125945,0.00038987
697,critterflag,0.000655112,0.000125945,0.00038987
698,sage,0.000655112,0.000125945,0.00038987
699,storag,0.000655112,0.000125945,0.00038987
700,dennsion,0.000655112,0.000125945,0.00038987
701,dri,0.000655112,0.000125945,0.00038987
702,wideto,0.000655112,9.80E-05,3.76E-04
703,powderskirt,0.000655112,9.80E-05,3.76E-04
704,windflap,0.000655112,0.000125945,0.00038987
705,bias,0.000655112,0.000111951,3.83E-04
706,or,0.000103049,0.000101614,1.02E-04
707,vymj,0.000655112,9.80E-05,3.76E-04
708,greyykk,0.000655112,1.40E-05,0.000333756
709,shirt,0.000655112,0.000125945,0.00038987
710,polybag,0.000655112,9.80E-05,3.76E-04
711,pinloc,0.000655112,0.000111951,3.83E-04
712,wing,0.000655112,0.000125945,0.00038987
713,unicolorref,0.000655112,0.000111951,3.83E-04
714,morphoblu,0.000655112,0.000125945,0.00038987
715,finnish,0.000655112,0.000125945,0.00038987
716,stretchabl,0.000655112,0.000125945,0.00038987
717,long,0.000655112,5.60E-05,3.55E-04
718,powernet,0.000655112,0.000111951,3.83E-04
719,bartack,0.000655112,0.000111951,3.83E-04
720,type,0.000655112,0.000111951,3.83E-04
721,caviar,0.000655112,7.00E-05,3.62E-04
722,up,0.000655112,8.40E-05,3.69E-04
723,violet,0.000655112,9.80E-05,3.76E-04
724,fornt,0.000655112,0.000111951,3.83E-04
725,power,0.000655112,0.000111951,3.83E-04
726,vintag,0.000655112,9.80E-05,3.76E-04
727,hyperbola,0.000655112,9.80E-05,3.76E-04
728,dx,0.000655112,0.000111951,3.83E-04
729,bar,0.000655112,0.000111951,3.83E-04
730,sealon,0.000655112,0.000111951,3.83E-04
731,bead,0.000655112,8.40E-05,3.69E-04
732,hoodi,0.000655112,0.000111951,3.83E-04
733,brake,0.000655112,0.000111951,3.83E-04
734,overlay,0.000655112,0.000111951,3.83E-04
735,effectykk,0.000655112,9.80E-05,3.76E-04
736,armhol,0.000655112,9.80E-05,3.76E-04
737,earphon,0.000655112,8.40E-05,3.69E-04
738,blanket,0.000655112,9.80E-05,3.76E-04
739,stone,0.000655112,9.80E-05,3.76E-04
740,quilt,0.000655112,8.40E-05,3.69E-04
741,section,0.000655112,9.80E-05,3.76E-04
742,point,0.000655112,9.80E-05,3.76E-04
743,sw,0.000655112,8.40E-05,3.69E-04
744,gain,0.000655112,7.00E-05,3.62E-04
745,r,0.000103049,1.02E-04,1.02E-04
746,fashion,0.000655112,9.80E-05,3.76E-04
747,rope,0.000655112,9.80E-05,3.76E-04
748,window,0.000655112,9.80E-05,3.76E-04
749,pizza,0.000655112,5.60E-05,3.55E-04
750,yarn,0.000655112,9.80E-05,3.76E-04
751,loft,0.000655112,9.80E-05,3.76E-04
752,bang,0.000655112,9.80E-05,3.76E-04
753,phone,0.000655112,9.80E-05,3.76E-04
754,style,0.000655112,9.80E-05,3.76E-04
755,wb,0.000655112,7.00E-05,3.62E-04
756,primaloft,0.000655112,9.80E-05,3.76E-04
757,motley,0.000655112,9.80E-05,3.76E-04
758,glacier,0.000655112,7.00E-05,3.62E-04
759,labels,0.000655112,9.80E-05,3.76E-04
760,zipperelast,0.000655112,7.00E-05,3.62E-04
761,laf,0.000655112,9.80E-05,3.76E-04
762,spruce,0.000655112,1.40E-05,0.000333756
763,jia,0.000655112,9.80E-05,3.76E-04
764,premier,0.000655112,9.80E-05,3.76E-04
765,bicep,0.000655112,8.40E-05,3.69E-04
766,bunge,0.000655112,7.00E-05,3.62E-04
767,tai,0.000655112,9.80E-05,3.76E-04
768,clean,0.000655112,9.80E-05,3.76E-04
769,pipe,0.000655112,9.80E-05,3.76E-04
770,down,0.000655112,8.40E-05,3.69E-04
771,blood,0.000655112,9.80E-05,3.76E-04
772,slit,0.000655112,9.80E-05,3.76E-04
773,anorak,0.000655112,8.40E-05,3.69E-04
774,english,0.000655112,9.80E-05,3.76E-04
775,leash,0.000655112,9.80E-05,3.76E-04
776,moroccan,0.000655112,8.40E-05,3.69E-04
777,mold,0.000655112,9.80E-05,3.76E-04
778,eboni,0.000655112,9.80E-05,3.76E-04
779,pvc,0.000655112,9.80E-05,3.76E-04
780,er,0.000655112,9.80E-05,3.76E-04
781,d,0.000103049,1.02E-04,1.02E-04
782,grip,0.000655112,7.00E-05,3.62E-04
783,centr,0.000655112,7.00E-05,3.62E-04
784,handwarm,0.000655112,7.00E-05,3.62E-04
785,outlet,0.000655112,9.80E-05,3.76E-04
786,trimtricolordrawstr,0.000655112,9.80E-05,3.76E-04
787,version,0.000655112,9.80E-05,3.76E-04
788,over,0.000655112,9.80E-05,3.76E-04
789,elastin,0.000655112,7.00E-05,3.62E-04
790,zipnrip,0.000655112,7.00E-05,3.62E-04
791,defend,0.000655112,8.40E-05,3.69E-04
792,mahogani,0.000655112,8.40E-05,3.69E-04
793,for,0.000655112,7.00E-05,3.62E-04
794,colorway,0.000655112,8.40E-05,3.69E-04
795,floral,0.000655112,8.40E-05,3.69E-04
796,eagl,0.000655112,8.40E-05,3.69E-04
797,pkts,0.000655112,8.40E-05,3.69E-04
798,name,0.000655112,8.40E-05,3.69E-04
799,sierradesign,0.000655112,8.40E-05,3.69E-04
800,pop,0.000655112,8.40E-05,3.69E-04
801,with,0.000655112,7.00E-05,3.62E-04
802,kiss,0.000655112,8.40E-05,3.69E-04
803,cleaer,0.000655112,7.00E-05,3.62E-04
804,snow,0.000655112,5.60E-05,3.55E-04
805,sand,0.000655112,8.40E-05,3.69E-04
806,silicon,0.000655112,5.60E-05,3.55E-04
807,shorter,0.000655112,7.00E-05,3.62E-04
808,xs,0.001310223,7.00E-05,6.89E-04
809,beltloop,0.000655112,2.80E-05,3.41E-04
810,jean,0.000655112,8.40E-05,3.69E-04
811,blair,0.000655112,8.40E-05,3.69E-04
812,saphir,0.000655112,8.40E-05,3.69E-04
813,co,0.001310223,7.00E-05,6.89E-04
814,edier,0.000655112,7.00E-05,3.62E-04
815,dye,0.000655112,7.00E-05,3.62E-04
816,approv,0.000655112,8.40E-05,3.69E-04
817,polyestr,0.003930669,1.40E-05,1.97E-03
818,triangl,0.000655112,8.40E-05,3.69E-04
819,sms,0.000655112,5.60E-05,3.55E-04
820,pacif,0.000655112,5.60E-05,3.55E-04
821,smoke,0.000655112,8.40E-05,3.69E-04
822,windbreak,0.000655112,7.00E-05,3.62E-04
823,qi,0.000655112,7.00E-05,3.62E-04
824,outerwear,0.000655112,7.00E-05,3.62E-04
825,hoodsnowskirt,0.000655112,7.00E-05,3.62E-04
826,pearlsuppli,0.000655112,4.20E-05,3.48E-04
827,packabl,0.000655112,7.00E-05,3.62E-04
828,protect,0.000655112,7.00E-05,3.62E-04
829,fish,0.000655112,7.00E-05,3.62E-04
830,blaster,0.000655112,7.00E-05,3.62E-04
831,butt,0.000655112,7.00E-05,3.62E-04
832,soil,0.000655112,5.60E-05,3.55E-04
833,stoog,0.000655112,7.00E-05,3.62E-04
834,sliplok,0.000655112,7.00E-05,3.62E-04
835,fusibl,0.000655112,7.00E-05,3.62E-04
836,cavalri,0.000655112,7.00E-05,3.62E-04
837,tether,0.000655112,4.20E-05,3.48E-04
838,neat,0.000655112,7.00E-05,3.62E-04
839,totex,0.000655112,7.00E-05,3.62E-04
840,tini,0.000655112,7.00E-05,3.62E-04
841,msrp,0.000655112,7.00E-05,3.62E-04
842,lunar,0.000655112,7.00E-05,3.62E-04
843,blossom,0.000655112,7.00E-05,3.62E-04
844,standard,0.000655112,7.00E-05,3.62E-04
845,comment,0.000655112,7.00E-05,3.62E-04
846,pig,0.000655112,7.00E-05,3.62E-04
847,nilorn,0.000655112,7.00E-05,3.62E-04
848,nightcandi,0.000655112,7.00E-05,3.62E-04
849,spray,0.000655112,7.00E-05,3.62E-04
850,smlwith,0.000655112,7.00E-05,3.62E-04
851,benefit,0.000655112,5.60E-05,3.55E-04
852,openingsnowskirt,0.000655112,7.00E-05,3.62E-04
853,anthracit,0.000655112,5.60E-05,3.55E-04
854,pit,0.000655112,7.00E-05,3.62E-04
855,wellsucce,0.000655112,4.20E-05,3.48E-04
856,half,0.000655112,7.00E-05,3.62E-04
857,contain,0.000655112,7.00E-05,3.62E-04
858,duck,0.000655112,7.00E-05,3.62E-04
859,loi,0.000655112,7.00E-05,3.62E-04
860,translat,0.000655112,7.00E-05,3.62E-04
861,kam,0.000655112,7.00E-05,3.62E-04
862,info,0.000655112,7.00E-05,3.62E-04
863,vymb,0.000655112,7.00E-05,3.62E-04
864,beverag,0.000655112,7.00E-05,3.62E-04
865,keep,0.000655112,4.20E-05,3.48E-04
866,chic,0.000655112,7.00E-05,3.62E-04
867,printabl,0.000655112,7.00E-05,3.62E-04
868,lasercut,0.000655112,7.00E-05,3.62E-04
869,drytex,0.000655112,4.20E-05,3.48E-04
870,indic,0.000655112,4.20E-05,3.48E-04
871,dress,0.000655112,7.00E-05,3.62E-04
872,bifac,0.000655112,5.60E-05,3.55E-04
873,enamel,0.000655112,7.00E-05,3.62E-04
874,work,0.000655112,4.20E-05,3.48E-04
875,possibl,0.000655112,5.60E-05,3.55E-04
876,mtn,0.000655112,7.00E-05,3.62E-04
877,straight,0.000655112,7.00E-05,3.62E-04
878,buckl,0.000655112,7.00E-05,3.62E-04
879,advis,0.000655112,7.00E-05,3.62E-04
880,workwear,0.000655112,7.00E-05,3.62E-04
881,twoway,0.000655112,7.00E-05,3.62E-04
882,lockref,0.000655112,5.60E-05,3.55E-04
883,ducoil,0.000655112,7.00E-05,3.62E-04
884,fininsh,0.000655112,5.60E-05,3.55E-04
885,spanish,0.000655112,7.00E-05,3.62E-04
886,topmad,0.000655112,7.00E-05,3.62E-04
887,exact,0.000655112,7.00E-05,3.62E-04
888,teri,0.000655112,7.00E-05,3.62E-04
889,waydu,0.000655112,7.00E-05,3.62E-04
890,french,0.000655112,7.00E-05,3.62E-04
891,led,0.000655112,7.00E-05,3.62E-04
892,fizz,0.000655112,7.00E-05,3.62E-04
893,holeref,0.000655112,5.60E-05,3.55E-04
894,skipass,0.000655112,7.00E-05,3.62E-04
895,background,0.000655112,7.00E-05,3.62E-04
896,plasitc,0.000655112,7.00E-05,3.62E-04
897,TRUE,0.000655112,7.00E-05,3.62E-04
898,shuang,0.000655112,7.00E-05,3.62E-04
899,transfert,0.000655112,7.00E-05,3.62E-04
