WORD_ID,VOCAB_WORD,prob_ctg_1,prob_ctg_0,prob_in_all_doc
0,black,0.0006414368184733803,0.027361231599675025,0.02743851892788063
1,pocket,0.0006414368184733803,0.026782886492887733,0.02685824813484388
2,tape,0.0006414368184733803,0.02228005673290095,0.022340425531914895
3,zipper,0.0006414368184733803,0.021674171382933313,0.021732522796352585
4,label,0.0006414368184733803,0.02208727503063852,0.022147001934235976
5,color,0.0006414368184733803,0.022032194544277826,0.022091738049184857
6,side,0.0006414368184733803,0.0205312512909489,0.02058579718154186
7,shell,0.0006414368184733803,0.019112928767161013,0.019162752141475545
8,slider,0.0006414368184733803,0.011126258244860302,0.011149488809063277
9,oxid,0.0006414368184733803,0.011745913716418116,0.011771207515888367
10,per,0.0006414368184733803,0.012792442957271312,0.012821221331859629
11,seam,0.0006414368184733803,0.011387890555073601,0.011411992263056094
12,number,0.0006414368184733803,0.011222649095991518,0.011246200607902736
13,teeth,0.0006414368184733803,0.010162349733548147,0.010182370820668692
14,tcx,0.0006414368184733803,0.009997108274466064,0.010016579165515335
15,fabric,0.0006414368184733803,0.009102050371104778,0.00911854103343465
16,ref,0.0006414368184733803,0.009349912559727903,0.009367228516164686
17,coil,0.0006414368184733803,0.008482394899546964,0.00849682232660956
18,back,0.0006414368184733803,0.008482394899546964,0.00849682232660956
19,left,0.0006414368184733803,0.008413544291596095,0.008427742470295662
20,x,0.0006414368184733803,0.008358463805235401,0.008372478585244543
21,loop,0.0006414368184733803,0.008027980887071233,0.008040895274937829
22,front,0.0006414368184733803,0.007490946145054461,0.007502072395689417
23,tag,0.0006414368184733803,0.007697497968907065,0.007709311964631114
24,ykk,0.0006414368184733803,0.00790404979275967,0.00791655153357281
25,lock,0.0006414368184733803,0.007477176023464287,0.0074882564244266375
26,silver,0.0006414368184733803,0.006912601038267168,0.0069218016026526665
27,hood,0.0006414368184733803,0.0067611297007752575,0.006769825918762089
28,leather,0.001924310455420141,0.006637198606463695,0.006673114119922631
29,snap,0.0006414368184733803,0.006361796174660222,0.006369162752141475
30,suppli,0.0006414368184733803,0.0057421407031024085,0.005747444045316386
31,copper,0.0006414368184733803,0.006582118120103,0.006590218292345952
32,pull,0.0006414368184733803,0.006334255931479875,0.006341530809615916
33,faux,0.0006414368184733803,0.0061690144723977915,0.006175739154462559
34,hand,0.0006414368184733803,0.005962462648545186,0.005968499585520862
35,adjust,0.0006414368184733803,0.005714600459922061,0.0057198121027908265
36,right,0.0006414368184733803,0.005769680946282755,0.005775075987841946
37,hem,0.0006414368184733803,0.0055768992440203245,0.005581652390163028
38,nylon,0.10647851186658114,0.0031258176009694165,0.005402044763746891
39,sourc,0.0025657472738935213,0.005590669365610498,0.005636916275214148
40,anti,0.0006414368184733803,0.005563129122430151,0.005567836418900248
41,hang,0.0006414368184733803,0.005384117541757894,0.0053882287924841114
42,cm,0.0006414368184733803,0.004847082799741121,0.004849405913235701
43,print,0.0006414368184733803,0.005232646204265984,0.005236253108593534
44,cord,0.0006414368184733803,0.005039864502003553,0.0050428295109146174
45,metal,0.0006414368184733803,0.0049847840156428585,0.004987565625863498
46,skirt,0.0006414368184733803,0.005108715109954421,0.005111909367228516
47,bodi,0.0006414368184733803,0.0050674047451839,0.005070461453440177
48,polyest,0.12700449005772932,0.0019828975089850043,0.004697430229345123
49,sleev,0.0006414368184733803,0.00461299073270817,0.004614534401768444
50,flap,0.0006414368184733803,0.004805772434970601,0.0048079579994473615
51,bag,0.0006414368184733803,0.004792002313380428,0.004794142028184582
52,bottom,0.0006414368184733803,0.004489059638396607,0.004490190660403426
53,jacket,0.0006414368184733803,0.004723151705429559,0.004725062171870682
54,non,0.0006414368184733803,0.0050674047451839,0.005070461453440177
55,refer,0.0006414368184733803,0.005122485231544595,0.005125725338491296
56,blue,0.0006414368184733803,0.00435135842249487,0.004352030947775629
57,center,0.0006414368184733803,0.004062185869101224,0.004061895551257254
58,pant,0.0006414368184733803,0.004075955990691398,0.004075711522520033
59,tab,0.0006414368184733803,0.003952024896379835,0.003951367781155016
60,line,0.0006414368184733803,0.003924484653199487,0.003923735838629456
61,elast,0.0006414368184733803,0.0037454730725272303,0.0037441282122133187
62,face,0.0006414368184733803,0.003497610883904105,0.0034954407294832826
63,grey,0.0006414368184733803,0.0036353120998058415,0.0036336004421110802
64,main,0.0006414368184733803,0.0036766224645763622,0.0036750483558994195
65,woven,0.0006414368184733803,0.0037730133157075777,0.0037717601547388783
66,sticker,0.0006414368184733803,0.0037454730725272303,0.0037441282122133187
67,corner,0.0006414368184733803,0.0036215419782156676,0.0036197844708483005
68,alloy,0.0006414368184733803,0.0036903925861665357,0.0036888643271621997
69,zip,0.0006414368184733803,0.003566461491854973,0.0035645205857971814
70,size,0.013470173187940988,0.003153357844149764,0.003426360873169384
71,dark,0.0006414368184733803,0.0035940017350353202,0.003592152528322741
72,leg,0.0006414368184733803,0.003098277357789069,0.003094777562862669
73,insid,0.0006414368184733803,0.0033185993032318474,0.0033158331030671458
74,connect,0.0006414368184733803,0.002891725533936465,0.002887537993920973
75,end,0.0006414368184733803,0.0030156566282480276,0.0030118817352859906
76,star,0.0006414368184733803,0.002877955412346291,0.002873722022658193
77,twill,0.0006414368184733803,0.0029743462634775064,0.0029704338214976513
78,bright,0.0006414368184733803,0.003112047479379243,0.003108593534125449
79,puller,0.0006414368184733803,0.003029426749838201,0.0030256977065487704
80,brass,0.0006414368184733803,0.0032084383305104585,0.0032053053329649073
81,soli,0.0006414368184733803,0.0025887828589526447,0.0025835866261398176
82,vent,0.0006414368184733803,0.002960576141887333,0.0029566178502348716
83,web,0.0006414368184733803,0.002726484074854381,0.0027217463387676152
84,round,0.0006414368184733803,0.0029881163850676803,0.002984249792760431
85,close,0.0006414368184733803,0.0026989438316740335,0.0026941143962420557
86,antiqu,0.0006414368184733803,0.0029743462634775064,0.0029704338214976513
87,open,0.0006414368184733803,0.002809104804395423,0.002804642166344294
88,spi,0.0006414368184733803,0.0027815645612150755,0.0027770102238187343
89,mesh,0.0006414368184733803,0.0026576334669035128,0.0026526664824537164
90,logo,0.0006414368184733803,0.0025061621294116027,0.002500690798563139
91,collar,0.0006414368184733803,0.0025474724941821235,0.0025421387123514784
92,cuff,0.0006414368184733803,0.0025061621294116027,0.002500690798563139
93,trim,0.0006414368184733803,0.00253370237259195,0.0025283227410886986
94,tricot,0.0006414368184733803,0.0023271505487393452,0.0023210831721470018
95,powder,0.0006414368184733803,0.0024097712782803872,0.0024039789997236808
96,dull,0.0006414368184733803,0.002464851764641082,0.0024592428847748
97,l,0.01924310455420141,0.0018451962930832678,0.0022381873445703232
98,night,0.0006414368184733803,0.0024923920078214292,0.0024868748273003593
99,gaiter,0.0006414368184733803,0.0022032194544277825,0.002196739430781984
100,top,0.0006414368184733803,0.0022445298191983037,0.0022381873445703232
101,rl,0.0006414368184733803,0.002340920670329519,0.0023348991434097815
102,fit,0.0006414368184733803,0.0023684609135098665,0.002362531085935341
103,male,0.0006414368184733803,0.002313380427149172,0.002307267200884222
104,poli,0.04169339320076972,0.0013632420374271904,0.0022381873445703232
105,wire,0.0006414368184733803,0.0024373115214607346,0.0024316109422492403
106,match,0.0006414368184733803,0.002313380427149172,0.002307267200884222
107,art,0.0006414368184733803,0.0023546907919196926,0.0023487151146725613
108,regular,0.0006414368184733803,0.0019828975089850043,0.001975683890577508
109,thread,0.0006414368184733803,0.002148138968067088,0.002141475545730865
110,eyelet,0.0006414368184733803,0.0020792883601162197,0.002072395689416966
111,flat,0.0006414368184733803,0.002024207873755525,0.002017131804365847
112,sheet,0.0006414368184733803,0.002299610305558998,0.0022934512296214423
113,drawcord,0.0006414368184733803,0.0020792883601162197,0.002072395689416966
114,button,0.0006414368184733803,0.0021343688464769144,0.002127659574468085
115,see,0.0006414368184733803,0.0020792883601162197,0.002072395689416966
116,plastic,0.0006414368184733803,0.0020655182385260463,0.0020585797181541863
117,matt,0.0006414368184733803,0.0019278170226243098,0.0019204200055263885
118,hook,0.0006414368184733803,0.0018727365362636152,0.0018651561204752695
119,neck,0.0006414368184733803,0.001969127387394831,0.001961867919314728
120,femal,0.0006414368184733803,0.0020655182385260463,0.0020585797181541863
121,broken,0.0006414368184733803,0.002024207873755525,0.002017131804365847
122,red,0.0006414368184733803,0.0018176560499029207,0.0018098922354241502
123,chest,0.0006414368184733803,0.001996667630575178,0.0019894998618402875
124,halti,0.0006414368184733803,0.0019278170226243098,0.0019204200055263885
125,washer,0.0006414368184733803,0.001611104226050316,0.0016026526664824536
126,mm,0.0006414368184733803,0.0019278170226243098,0.0019204200055263885
127,dadhr,0.0006414368184733803,0.0020655182385260463,0.0020585797181541863
128,luk,0.0006414368184733803,0.0020655182385260463,0.0020585797181541863
129,dalh,0.0006414368184733803,0.0018176560499029207,0.0018098922354241502
130,velcro,0.0006414368184733803,0.0018589664146734415,0.0018513401492124897
131,incl,0.0006414368184733803,0.0015835639828699686,0.001575020723956894
132,time,0.0006414368184733803,0.001969127387394831,0.001961867919314728
133,clip,0.0006414368184733803,0.0017763456851323997,0.001768444321635811
134,wearer,0.0006414368184733803,0.0018589664146734415,0.0018513401492124897
135,lafuma,0.0006414368184733803,0.0017488054419520524,0.0017408123791102514
136,swivel,0.0006414368184733803,0.0014458627669682324,0.0014368610113290965
137,set,0.0006414368184733803,0.001652414590820837,0.0016441005802707931
138,film,0.0006414368184733803,0.0017488054419520524,0.0017408123791102514
139,belt,0.0006414368184733803,0.0015147133749191005,0.0015059408676429953
140,stopper,0.0006414368184733803,0.0016386444692306633,0.0016302846090080134
141,finish,0.0006414368184733803,0.001652414590820837,0.0016441005802707931
142,pseudo,0.0006414368184733803,0.0017763456851323997,0.001768444321635811
143,white,0.0006414368184733803,0.0016661847124110106,0.0016579165515335729
144,waist,0.0006414368184733803,0.0015422536180994479,0.0015335728101685548
145,embroideri,0.0006414368184733803,0.0015284834965092742,0.001519756838905775
146,edg,0.0006414368184733803,0.0015560237396896215,0.0015473887814313346
147,width,0.0006414368184733803,0.001418322523787885,0.001409229068803537
148,code,0.0006414368184733803,0.0017350353203618787,0.0017269964078474717
149,women,0.0006414368184733803,0.001611104226050316,0.0016026526664824536
150,camo,0.0006414368184733803,0.0016248743476404896,0.0016164686377452334
151,band,0.0006414368184733803,0.0015560237396896215,0.0015473887814313346
152,dwr,0.0006414368184733803,0.0015835639828699686,0.001575020723956894
153,fli,0.0006414368184733803,0.0015284834965092742,0.001519756838905775
154,coat,0.0006414368184733803,0.001418322523787885,0.001409229068803537
155,inner,0.0006414368184733803,0.0014596328885584059,0.0014506769825918763
156,attach,0.0006414368184733803,0.0014734030101485795,0.001464492953854656
157,sampl,0.0006414368184733803,0.0014596328885584059,0.0014506769825918763
158,jkt,0.0006414368184733803,0.0012943914294763223,0.001284885327438519
159,nickel,0.0006414368184733803,0.0015697938612797952,0.0015612047526941143
160,tie,0.0006414368184733803,0.0013219316726566697,0.0013125172699640785
161,sorc,0.0006414368184733803,0.0014734030101485795,0.001464492953854656
162,vislon,0.0006414368184733803,0.0015147133749191005,0.0015059408676429953
163,satin,0.0006414368184733803,0.0014596328885584059,0.0014506769825918763
164,made,0.0006414368184733803,0.0015284834965092742,0.001519756838905775
165,auto,0.0006414368184733803,0.0015147133749191005,0.0015059408676429953
166,seal,0.0006414368184733803,0.0012806213078861487,0.0012710693561757392
167,part,0.0006414368184733803,0.0011842304567549332,0.0011743575573362806
168,vertic,0.0006414368184733803,0.0014045524021977114,0.001395413097540757
169,panel,0.0006414368184733803,0.001418322523787885,0.001409229068803537
170,w,0.0006414368184733803,0.001225540821525454,0.0012158054711246201
171,critic,0.0006414368184733803,0.0013632420374271904,0.0013539651837524177
172,self,0.0006414368184733803,0.001266851186295975,0.0012572533849129594
173,custom,0.0006414368184733803,0.0014320926453780588,0.0014230450400663168
174,patch,0.0006414368184733803,0.0012530810647058013,0.0012434374136501797
175,separ,0.0006414368184733803,0.0013494719158370168,0.001340149212489638
176,hangtag,0.0006414368184733803,0.0013219316726566697,0.0013125172699640785
177,waistband,0.0006414368184733803,0.001115379848804065,0.0011052777010223818
178,closur,0.0006414368184733803,0.0011291499703942386,0.0011190936722851616
179,bind,0.0006414368184733803,0.0011842304567549332,0.0011743575573362806
180,revers,0.0006414368184733803,0.0013219316726566697,0.0013125172699640785
181,detail,0.0006414368184733803,0.001225540821525454,0.0012158054711246201
182,nuber,0.0006414368184733803,0.0012943914294763223,0.001284885327438519
183,diecast,0.0006414368184733803,0.0012806213078861487,0.0012710693561757392
184,lower,0.0006414368184733803,0.0011291499703942386,0.0011190936722851616
185,way,0.0006414368184733803,0.0010878396056237176,0.0010776457584968223
186,corpor,0.0006414368184733803,0.001198000578345107,0.0011881735285990604
187,plain,0.0006414368184733803,0.001198000578345107,0.0011881735285990604
188,tip,0.0006414368184733803,0.0011291499703942386,0.0011190936722851616
189,stretch,0.0006414368184733803,0.0011429200919844122,0.0011329096435479414
190,oliv,0.0006414368184733803,0.0010602993624433705,0.0010500138159712628
191,tbd,0.0006414368184733803,0.0010878396056237176,0.0010776457584968223
192,insert,0.0006414368184733803,0.0009776786329023285,0.0009671179883945841
193,key,0.0006414368184733803,0.0009914487544925021,0.000980933959657364
194,lycra,0.0006414368184733803,0.0009639085113121549,0.0009533020171318044
195,emboss,0.0006414368184733803,0.0009501383897219813,0.0009394860458690246
196,warn,0.0006414368184733803,0.001115379848804065,0.0011052777010223818
197,gray,0.0006414368184733803,0.0009776786329023285,0.0009671179883945841
198,die,0.0006414368184733803,0.0011429200919844122,0.0011329096435479414
199,cast,0.0006414368184733803,0.0011429200919844122,0.0011329096435479414
200,mantl,0.0006414368184733803,0.0010602993624433705,0.0010500138159712628
201,sml,0.0006414368184733803,0.0009363682681318076,0.0009256700746062449
202,short,0.0006414368184733803,0.0010878396056237176,0.0010776457584968223
203,b,0.0006414368184733803,0.0010878396056237176,0.0010776457584968223
204,qualiti,0.0006414368184733803,0.0009501383897219813,0.0009394860458690246
205,pahio,0.0006414368184733803,0.0009501383897219813,0.0009394860458690246
206,hidden,0.0006414368184733803,0.0009225981465416339,0.000911854103343465
207,panton,0.0006414368184733803,0.0009776786329023285,0.0009671179883945841
208,storm,0.0006414368184733803,0.001074069484033544,0.0010638297872340426
209,taffeta,0.0006414368184733803,0.0008262072954104185,0.0008151423045040067
210,brush,0.0006414368184733803,0.0010052188760826758,0.0009947499309201438
211,supplier,0.0006414368184733803,0.0009776786329023285,0.0009671179883945841
212,exit,0.0006414368184733803,0.0009501383897219813,0.0009394860458690246
213,militari,0.0006414368184733803,0.000881287781771113,0.0008704061895551257
214,semi,0.0006414368184733803,0.0010327591192630231,0.0010223818734457033
215,larg,0.013470173187940988,0.000688506079508682,0.0009533020171318044
216,insul,0.0006414368184733803,0.0008950579033612867,0.0008842221608179055
217,denim,0.0006414368184733803,0.0008950579033612867,0.0008842221608179055
218,gold,0.0006414368184733803,0.0009225981465416339,0.000911854103343465
219,ink,0.0006414368184733803,0.0010189889976728495,0.0010085659021829235
220,e,0.0006414368184733803,0.0010052188760826758,0.0009947499309201438
221,dfw,0.0006414368184733803,0.0009914487544925021,0.000980933959657364
222,xl,0.01924310455420141,0.0004957243772462511,0.0008842221608179055
223,upc,0.0006414368184733803,0.0008399774170005921,0.0008289582757667864
224,origin,0.0006414368184733803,0.0009363682681318076,0.0009256700746062449
225,gunmet,0.0006414368184733803,0.0009363682681318076,0.0009256700746062449
226,china,0.0006414368184733803,0.0007573566874595503,0.0007460624481901078
227,morpho,0.0006414368184733803,0.0009501383897219813,0.0009394860458690246
228,ming,0.0006414368184733803,0.0008399774170005921,0.0008289582757667864
229,guard,0.0006414368184733803,0.0008675176601809394,0.000856590218292346
230,chain,0.0006414368184733803,0.0007711268090497239,0.0007598784194528875
231,wax,0.0006414368184733803,0.0008124371738202448,0.0008013263332412268
232,mid,0.0006414368184733803,0.0008262072954104185,0.0008151423045040067
233,fulli,0.0006414368184733803,0.0008399774170005921,0.0008289582757667864
234,item,0.0006414368184733803,0.0007848969306398976,0.0007736943907156673
235,weight,0.0006414368184733803,0.0007848969306398976,0.0007736943907156673
236,matter,0.0006414368184733803,0.0008675176601809394,0.000856590218292346
237,cap,0.0006414368184733803,0.0008675176601809394,0.000856590218292346
238,shyang,0.0006414368184733803,0.0008399774170005921,0.0008289582757667864
239,page,0.0006414368184733803,0.0007848969306398976,0.0007736943907156673
240,garment,0.0006414368184733803,0.0007573566874595503,0.0007460624481901078
241,men,0.0006414368184733803,0.0008399774170005921,0.0008289582757667864
242,tseu,0.008980115458627326,0.0006747359579185084,0.0008427742470295662
243,heat,0.0006414368184733803,0.0007986670522300712,0.000787510361978447
244,topstitch,0.0006414368184733803,0.0007573566874595503,0.0007460624481901078
245,content,0.0006414368184733803,0.0007711268090497239,0.0007598784194528875
246,nitro,0.0006414368184733803,0.0007711268090497239,0.0007598784194528875
247,mmg,0.0006414368184733803,0.0007848969306398976,0.0007736943907156673
248,cloth,0.0006414368184733803,0.0008124371738202448,0.0008013263332412268
249,biella,0.0006414368184733803,0.0008399774170005921,0.0008289582757667864
250,tpu,0.010904425914047467,0.0004681841340659038,0.0006769825918762089
251,melang,0.0006414368184733803,0.0006471957147381612,0.0006355346780878696
252,placket,0.0006414368184733803,0.0007022762010988557,0.0006907985631389886
253,green,0.0006414368184733803,0.000578345106787293,0.0005664548217739707
254,interfac,0.0006414368184733803,0.0007022762010988557,0.0006907985631389886
255,deboss,0.0006414368184733803,0.0007022762010988557,0.0006907985631389886
256,cb,0.0006414368184733803,0.0006471957147381612,0.0006355346780878696
257,placement,0.0006414368184733803,0.0006747359579185084,0.0006631666206134291
258,intern,0.0006414368184733803,0.0007848969306398976,0.0007736943907156673
259,wipe,0.0006414368184733803,0.0007298164442792029,0.0007184305056645483
260,silt,0.0006414368184733803,0.0007435865658693766,0.000732246476927328
261,wrap,0.0006414368184733803,0.0006471957147381612,0.0006355346780878696
262,stitch,0.0006414368184733803,0.0007160463226890294,0.0007046145344017685
263,transfer,0.0006414368184733803,0.0006471957147381612,0.0006355346780878696
264,wo,0.0006414368184733803,0.0007711268090497239,0.0007598784194528875
265,sketch,0.0006414368184733803,0.000688506079508682,0.0006769825918762089
266,terri,0.0006414368184733803,0.0005645749851971193,0.0005526388505111909
267,allow,0.0006414368184733803,0.0006747359579185084,0.0006631666206134291
268,pcs,0.0006414368184733803,0.0007022762010988557,0.0006907985631389886
269,brand,0.0006414368184733803,0.0006609658363283348,0.0006493506493506494
270,gripper,0.0006414368184733803,0.0006196554715578138,0.0006079027355623101
271,care,0.0006414368184733803,0.0007022762010988557,0.0006907985631389886
272,free,0.0006414368184733803,0.0006747359579185084,0.0006631666206134291
273,adhes,0.0006414368184733803,0.000688506079508682,0.0006769825918762089
274,slate,0.0006414368184733803,0.0006196554715578138,0.0006079027355623101
275,clear,0.0006414368184733803,0.0007022762010988557,0.0006907985631389886
276,velveti,0.0006414368184733803,0.0005645749851971193,0.0005526388505111909
277,ecoya,0.0006414368184733803,0.0005094944988364247,0.0004973749654600719
278,shockcord,0.0006414368184733803,0.0006334255931479875,0.0006217187068250898
279,pass,0.0006414368184733803,0.0006747359579185084,0.0006631666206134291
280,goggl,0.0006414368184733803,0.0006747359579185084,0.0006631666206134291
281,royal,0.0006414368184733803,0.0006747359579185084,0.0006631666206134291
282,vietnam,0.0006414368184733803,0.000537034742016772,0.0005250069079856314
283,lamin,0.0006414368184733803,0.0006609658363283348,0.0006493506493506494
284,screen,0.0006414368184733803,0.000578345106787293,0.0005664548217739707
285,yf,0.0006414368184733803,0.0005645749851971193,0.0005526388505111909
286,leaf,0.0006414368184733803,0.000578345106787293,0.0005664548217739707
287,airblast,0.0006414368184733803,0.000578345106787293,0.0005664548217739707
288,product,0.0006414368184733803,0.0006471957147381612,0.0006355346780878696
289,local,0.0006414368184733803,0.0006334255931479875,0.0006217187068250898
290,one,0.0006414368184733803,0.0005645749851971193,0.0005526388505111909
291,artwork,0.0006414368184733803,0.0005645749851971193,0.0005526388505111909
292,tpx,0.0006414368184733803,0.0005508048636069456,0.0005388228792484112
293,keyclip,0.0006414368184733803,0.0005645749851971193,0.0005526388505111909
294,special,0.0006414368184733803,0.0005645749851971193,0.0005526388505111909
295,harvest,0.0006414368184733803,0.0005508048636069456,0.0005388228792484112
296,avail,0.0006414368184733803,0.0005921152283774666,0.0005802707930367504
297,jungl,0.0006414368184733803,0.0005921152283774666,0.0005802707930367504
298,util,0.0006414368184733803,0.00042687376929538285,0.0004144791378833932
299,use,0.0006414368184733803,0.000578345106787293,0.0005664548217739707
300,dtm,0.0006414368184733803,0.00048195425565607746,0.0004697430229345123
301,dragon,0.0006414368184733803,0.0005232646204265984,0.0005111909367228516
302,kensin,0.0006414368184733803,0.0006058853499676402,0.0005940867642995302
303,interior,0.0006414368184733803,0.0005508048636069456,0.0005388228792484112
304,fix,0.0006414368184733803,0.0005921152283774666,0.0005802707930367504
305,head,0.0006414368184733803,0.00048195425565607746,0.0004697430229345123
306,musi,0.0006414368184733803,0.0005921152283774666,0.0005802707930367504
307,system,0.0006414368184733803,0.000537034742016772,0.0005250069079856314
308,mix,0.0006414368184733803,0.0005645749851971193,0.0005526388505111909
309,cf,0.0006414368184733803,0.0005645749851971193,0.0005526388505111909
310,lace,0.0006414368184733803,0.00042687376929538285,0.0004144791378833932
311,necklin,0.0006414368184733803,0.0004681841340659038,0.0004559270516717325
312,ribbon,0.003207184092366902,0.0005094944988364247,0.0005526388505111909
313,length,0.0006414368184733803,0.0004681841340659038,0.0004559270516717325
314,base,0.0006414368184733803,0.000578345106787293,0.0005664548217739707
315,heather,0.0006414368184733803,0.0005232646204265984,0.0005111909367228516
316,db,0.0006414368184733803,0.0005645749851971193,0.0005526388505111909
317,gate,0.0006414368184733803,0.0005645749851971193,0.0005526388505111909
318,horizont,0.0006414368184733803,0.00048195425565607746,0.0004697430229345123
319,polyfil,0.0006414368184733803,0.0005232646204265984,0.0005111909367228516
320,doxcp,0.0006414368184733803,0.0005508048636069456,0.0005388228792484112
321,gusset,0.0006414368184733803,0.00048195425565607746,0.0004697430229345123
322,small,0.0006414368184733803,0.0004957243772462511,0.00048355899419729207
323,aquaguard,0.0006414368184733803,0.0005508048636069456,0.0005388228792484112
324,pfc,0.0006414368184733803,0.00048195425565607746,0.0004697430229345123
325,behind,0.0006414368184733803,0.00042687376929538285,0.0004144791378833932
326,pink,0.0006414368184733803,0.000537034742016772,0.0005250069079856314
327,rivet,0.0006414368184733803,0.0004681841340659038,0.0004559270516717325
328,burgundi,0.0006414368184733803,0.000344253039754341,0.00033158331030671455
329,m,0.01924310455420141,6.88506079508682e-05,0.0004559270516717325
330,entri,0.0006414368184733803,0.00048195425565607746,0.0004697430229345123
331,ht,0.0006414368184733803,0.0005094944988364247,0.0004973749654600719
332,slip,0.0006414368184733803,0.00048195425565607746,0.0004697430229345123
333,tsgs,0.0006414368184733803,0.0004957243772462511,0.00048355899419729207
334,fleec,0.0006414368184733803,0.00048195425565607746,0.0004697430229345123
335,knit,0.0006414368184733803,0.0004544140124757302,0.00044211108040895274
336,s,0.01924310455420141,8.262072954104185e-05,0.0004697430229345123
337,bulk,0.0006414368184733803,0.0004544140124757302,0.00044211108040895274
338,upper,0.0006414368184733803,0.0004957243772462511,0.00048355899419729207
339,gator,0.0006414368184733803,0.0005094944988364247,0.0004973749654600719
340,pearl,0.0006414368184733803,0.0005094944988364247,0.0004973749654600719
341,nightykk,0.0006414368184733803,0.0005094944988364247,0.0004973749654600719
342,ho,0.0006414368184733803,0.0005094944988364247,0.0004973749654600719
343,paiho,0.0006414368184733803,0.0005094944988364247,0.0004973749654600719
344,chin,0.0006414368184733803,0.0005094944988364247,0.0004973749654600719
345,attch,0.0006414368184733803,0.0003717932829346883,0.00035921525283227413
346,boot,0.0006414368184733803,0.0003993335261150356,0.00038684719535783365
347,rubber,0.0006414368184733803,0.0004544140124757302,0.00044211108040895274
348,shoelac,0.0006414368184733803,0.00038556340452486197,0.0003730312240950539
349,shoulder,0.0006414368184733803,0.00041310364770520924,0.0004006631666206134
350,pewter,0.0006414368184733803,0.00042687376929538285,0.0004144791378833932
351,climact,0.0006414368184733803,0.0004544140124757302,0.00044211108040895274
352,pack,0.0006414368184733803,0.0003717932829346883,0.00035921525283227413
353,backsid,0.0006414368184733803,0.00042687376929538285,0.0004144791378833932
354,overdy,0.0006414368184733803,0.00038556340452486197,0.0003730312240950539
355,bone,0.0006414368184733803,0.0004681841340659038,0.0004559270516717325
356,avoid,0.0006414368184733803,0.0004406438908855565,0.000428295109146173
357,middl,0.0006414368184733803,0.0004544140124757302,0.00044211108040895274
358,asymmetr,0.0006414368184733803,0.0004544140124757302,0.00044211108040895274
359,cs,0.0006414368184733803,0.00042687376929538285,0.0004144791378833932
360,rong,0.0006414368184733803,0.000344253039754341,0.00033158331030671455
361,below,0.0006414368184733803,0.00042687376929538285,0.0004144791378833932
362,conceal,0.0006414368184733803,0.0004544140124757302,0.00044211108040895274
363,welt,0.0006414368184733803,0.00038556340452486197,0.0003730312240950539
364,media,0.0006414368184733803,0.00041310364770520924,0.0004006631666206134
365,around,0.0006414368184733803,0.000344253039754341,0.00033158331030671455
366,wei,0.0006414368184733803,0.000344253039754341,0.00033158331030671455
367,walnut,0.0006414368184733803,0.0004406438908855565,0.000428295109146173
368,antic,0.0006414368184733803,0.000344253039754341,0.00033158331030671455
369,away,0.0006414368184733803,0.0003717932829346883,0.00035921525283227413
370,shini,0.0006414368184733803,0.00042687376929538285,0.0004144791378833932
371,h,0.0006414368184733803,0.0003580231613445147,0.0003453992815694943
372,orang,0.0006414368184733803,0.0003717932829346883,0.00035921525283227413
373,layer,0.0006414368184733803,0.00041310364770520924,0.0004006631666206134
374,tripl,0.0006414368184733803,0.0003993335261150356,0.00038684719535783365
375,posit,0.0006414368184733803,0.0003993335261150356,0.00038684719535783365
376,tone,0.0006414368184733803,0.0002616323102132992,0.00024868748273003594
377,rust,0.0006414368184733803,0.0003993335261150356,0.00038684719535783365
378,hole,0.0006414368184733803,0.0003993335261150356,0.00038684719535783365
379,brim,0.0006414368184733803,0.00041310364770520924,0.0004006631666206134
380,drop,0.0006414368184733803,0.00038556340452486197,0.0003730312240950539
381,yoke,0.0006414368184733803,0.0003580231613445147,0.0003453992815694943
382,pes,0.008338678640153944,0.00024786218862312553,0.0004006631666206134
383,grommet,0.0006414368184733803,0.0003580231613445147,0.0003453992815694943
384,core,0.0006414368184733803,0.0003993335261150356,0.00038684719535783365
385,grosgrain,0.003207184092366902,0.0003304829181641674,0.0003730312240950539
386,stay,0.0006414368184733803,0.0002891725533936465,0.00027631942525559546
387,low,0.0006414368184733803,0.000344253039754341,0.00033158331030671455
388,spare,0.0006414368184733803,0.0003993335261150356,0.00038684719535783365
389,impact,0.0006414368184733803,0.000344253039754341,0.00033158331030671455
390,plastisol,0.0006414368184733803,0.0003993335261150356,0.00038684719535783365
391,oxblood,0.0006414368184733803,0.0003993335261150356,0.00038684719535783365
392,finger,0.0006414368184733803,0.0003304829181641674,0.0003177673390439348
393,pinneco,0.0006414368184733803,0.0003993335261150356,0.00038684719535783365
394,dsbyg,0.0006414368184733803,0.0003029426749838201,0.0002901353965183752
395,cover,0.0006414368184733803,0.000344253039754341,0.00033158331030671455
396,navi,0.0006414368184733803,0.0003717932829346883,0.00035921525283227413
397,swell,0.0006414368184733803,0.00038556340452486197,0.0003730312240950539
398,place,0.0006414368184733803,0.00038556340452486197,0.0003730312240950539
399,proto,0.0006414368184733803,0.00038556340452486197,0.0003730312240950539
400,ride,0.0006414368184733803,0.00031671279657399375,0.00030395136778115504
401,last,0.0006414368184733803,0.0003717932829346883,0.00035921525283227413
402,piec,0.0006414368184733803,0.0003304829181641674,0.0003177673390439348
403,brown,0.0006414368184733803,0.000344253039754341,0.00033158331030671455
404,metalux,0.0006414368184733803,0.00020655182385260462,0.00019342359767891682
405,shang,0.0006414368184733803,0.0002616323102132992,0.00024868748273003594
406,reinforc,0.0006414368184733803,0.0003029426749838201,0.0002901353965183752
407,hold,0.0006414368184733803,0.0002891725533936465,0.00027631942525559546
408,big,0.0006414368184733803,0.0003304829181641674,0.0003177673390439348
409,ca,0.0006414368184733803,0.0003304829181641674,0.0003177673390439348
410,strap,0.0006414368184733803,0.00024786218862312553,0.00023487151146725616
411,usa,0.0006414368184733803,0.000344253039754341,0.00033158331030671455
412,freedom,0.0006414368184733803,0.0002616323102132992,0.00024868748273003594
413,bib,0.0006414368184733803,0.0003304829181641674,0.0003177673390439348
414,yd,0.0006414368184733803,0.0003580231613445147,0.0003453992815694943
415,diamet,0.0006414368184733803,0.0003304829181641674,0.0003177673390439348
416,solid,0.0006414368184733803,0.0003304829181641674,0.0003177673390439348
417,pleas,0.0006414368184733803,0.0003580231613445147,0.0003453992815694943
418,year,0.0006414368184733803,0.0003580231613445147,0.0003453992815694943
419,scott,0.0006414368184733803,0.000344253039754341,0.00033158331030671455
420,ia,0.0006414368184733803,0.000344253039754341,0.00033158331030671455
421,shadow,0.0006414368184733803,0.000344253039754341,0.00033158331030671455
422,herringbon,0.0006414368184733803,0.0002891725533936465,0.00027631942525559546
423,lime,0.0006414368184733803,0.000344253039754341,0.00033158331030671455
424,wmns,0.0006414368184733803,0.0003029426749838201,0.0002901353965183752
425,rn,0.0006414368184733803,0.0003029426749838201,0.0002901353965183752
426,misti,0.0006414368184733803,0.0002891725533936465,0.00027631942525559546
427,delrin,0.0006414368184733803,0.00024786218862312553,0.00023487151146725616
428,guid,0.0006414368184733803,0.0002891725533936465,0.00027631942525559546
429,cotton,0.0025657472738935213,0.0002891725533936465,0.0003177673390439348
430,j,0.0006414368184733803,0.0003304829181641674,0.0003177673390439348
431,nightfal,0.0006414368184733803,0.0003029426749838201,0.0002901353965183752
432,membran,0.0006414368184733803,0.00020655182385260462,0.00019342359767891682
433,bombay,0.0006414368184733803,0.00031671279657399375,0.00030395136778115504
434,full,0.0006414368184733803,0.0002754024318034728,0.0002625034539928157
435,rubberref,0.0006414368184733803,0.0002754024318034728,0.0002625034539928157
436,flag,0.0006414368184733803,0.0002340920670329519,0.00022105554020447637
437,follow,0.0006414368184733803,0.00020655182385260462,0.00019342359767891682
438,micro,0.0006414368184733803,0.00031671279657399375,0.00030395136778115504
439,shock,0.0006414368184733803,0.0002891725533936465,0.00027631942525559546
440,wick,0.0006414368184733803,0.0002616323102132992,0.00024868748273003594
441,autolock,0.0006414368184733803,0.00031671279657399375,0.00030395136778115504
442,spandex,0.003848620910840282,0.00017901158067225735,0.00023487151146725616
443,velvet,0.0006414368184733803,0.00031671279657399375,0.00030395136778115504
444,sea,0.0006414368184733803,0.0002340920670329519,0.00022105554020447637
445,knee,0.0006414368184733803,0.0002754024318034728,0.0002625034539928157
446,kifco,0.0006414368184733803,0.0003029426749838201,0.0002901353965183752
447,outsid,0.0006414368184733803,0.0002616323102132992,0.00024868748273003594
448,coatsopti,0.0006414368184733803,0.0002891725533936465,0.00027631942525559546
449,rib,0.0006414368184733803,0.00024786218862312553,0.00023487151146725616
450,oxford,0.0006414368184733803,0.0002616323102132992,0.00024868748273003594
451,pu,0.005131494547787043,0.0001377012159017364,0.00022105554020447637
452,feuill,0.0006414368184733803,0.0002891725533936465,0.00027631942525559546
453,teethykk,0.0006414368184733803,0.0002340920670329519,0.00022105554020447637
454,pdf,0.0006414368184733803,0.0002754024318034728,0.0002625034539928157
455,doubl,0.0006414368184733803,0.0002340920670329519,0.00022105554020447637
456,pinkcandi,0.0006414368184733803,0.0002891725533936465,0.00027631942525559546
457,outdoorref,0.0006414368184733803,0.0002616323102132992,0.00024868748273003594
458,dablh,0.0006414368184733803,0.0002891725533936465,0.00027631942525559546
459,holder,0.0006414368184733803,0.0002754024318034728,0.0002625034539928157
460,ventil,0.0006414368184733803,0.00019278170226243098,0.00017960762641613706
461,port,0.0006414368184733803,0.00024786218862312553,0.00023487151146725616
462,order,0.0006414368184733803,0.0002754024318034728,0.0002625034539928157
463,defin,0.0006414368184733803,0.00024786218862312553,0.00023487151146725616
464,surfac,0.0006414368184733803,0.0002754024318034728,0.0002625034539928157
465,napoleon,0.0006414368184733803,0.0002616323102132992,0.00024868748273003594
466,provid,0.0006414368184733803,0.0002616323102132992,0.00024868748273003594
467,vest,0.0006414368184733803,0.0002616323102132992,0.00024868748273003594
468,ball,0.0006414368184733803,0.0002616323102132992,0.00024868748273003594
469,shank,0.0006414368184733803,0.0002340920670329519,0.00022105554020447637
470,post,0.0006414368184733803,0.0002340920670329519,0.00022105554020447637
471,raco,0.0006414368184733803,0.00024786218862312553,0.00023487151146725616
472,asphalt,0.0006414368184733803,0.0002616323102132992,0.00024868748273003594
473,reflect,0.0006414368184733803,0.0002616323102132992,0.00024868748273003594
474,fold,0.0006414368184733803,0.00024786218862312553,0.00023487151146725616
475,nvisibl,0.0006414368184733803,0.0002616323102132992,0.00024868748273003594
476,unitex,0.0006414368184733803,0.0002340920670329519,0.00022105554020447637
477,design,0.0006414368184733803,0.00017901158067225735,0.00016579165515335728
478,donut,0.0006414368184733803,0.0002340920670329519,0.00022105554020447637
479,barrel,0.0006414368184733803,0.0002340920670329519,0.00022105554020447637
480,new,0.0006414368184733803,0.0002616323102132992,0.00024868748273003594
481,wide,0.0006414368184733803,0.00024786218862312553,0.00023487151146725616
482,engrav,0.0006414368184733803,0.0002616323102132992,0.00024868748273003594
483,labelref,0.0006414368184733803,0.0002340920670329519,0.00022105554020447637
484,da,0.0006414368184733803,0.00024786218862312553,0.00023487151146725616
485,arm,0.0006414368184733803,0.0002616323102132992,0.00024868748273003594
486,cabl,0.0006414368184733803,0.00022032194544277826,0.0002072395689416966
487,box,0.0006414368184733803,0.0002616323102132992,0.00024868748273003594
488,photo,0.0006414368184733803,0.0002616323102132992,0.00024868748273003594
489,shape,0.0006414368184733803,0.00017901158067225735,0.00016579165515335728
490,julep,0.0006414368184733803,9.639085113121549e-05,8.289582757667864e-05
491,puffer,0.0006414368184733803,0.0002616323102132992,0.00024868748273003594
492,market,0.0006414368184733803,0.00022032194544277826,0.0002072395689416966
493,weav,0.0006414368184733803,0.00024786218862312553,0.00023487151146725616
494,libolon,0.0006414368184733803,0.00022032194544277826,0.0002072395689416966
495,out,0.0006414368184733803,0.00020655182385260462,0.00019342359767891682
496,sued,0.0006414368184733803,0.00022032194544277826,0.0002072395689416966
497,pin,0.0006414368184733803,0.00024786218862312553,0.00023487151146725616
498,rip,0.0006414368184733803,0.00024786218862312553,0.00023487151146725616
499,row,0.0006414368184733803,0.00024786218862312553,0.00023487151146725616
500,flatlock,0.0006414368184733803,0.00024786218862312553,0.00023487151146725616
501,instruct,0.0006414368184733803,0.0001377012159017364,0.00012434374136501797
502,outer,0.0006414368184733803,0.00022032194544277826,0.0002072395689416966
503,sewn,0.0006414368184733803,0.0002340920670329519,0.00022105554020447637
504,roll,0.0006414368184733803,0.00022032194544277826,0.0002072395689416966
505,wrist,0.0006414368184733803,0.0002340920670329519,0.00022105554020447637
506,planet,0.0006414368184733803,0.00022032194544277826,0.0002072395689416966
507,letter,0.0006414368184733803,0.0002340920670329519,0.00022105554020447637
508,pkt,0.0006414368184733803,0.0002340920670329519,0.00022105554020447637
509,medium,0.0006414368184733803,0.0002340920670329519,0.00022105554020447637
510,tex,0.0006414368184733803,0.00019278170226243098,0.00017960762641613706
511,artsheet,0.0006414368184733803,0.0002340920670329519,0.00022105554020447637
512,squar,0.0006414368184733803,0.0002340920670329519,0.00022105554020447637
513,windact,0.0006414368184733803,0.00017901158067225735,0.00016579165515335728
514,wilson,0.0006414368184733803,0.00020655182385260462,0.00019342359767891682
515,thick,0.0006414368184733803,0.0002340920670329519,0.00022105554020447637
516,garag,0.0006414368184733803,0.00022032194544277826,0.0002072395689416966
517,dfbw,0.0006414368184733803,0.00020655182385260462,0.00019342359767891682
518,bond,0.0006414368184733803,0.0002340920670329519,0.00022105554020447637
519,sa,0.0006414368184733803,0.0002340920670329519,0.00022105554020447637
520,palcement,0.0006414368184733803,0.0002340920670329519,0.00022105554020447637
521,stripe,0.0006414368184733803,0.0002340920670329519,0.00022105554020447637
522,tunnel,0.0006414368184733803,0.0002340920670329519,0.00022105554020447637
523,wad,0.0006414368184733803,0.0002340920670329519,0.00022105554020447637
524,slim,0.0006414368184733803,0.00022032194544277826,0.0002072395689416966
525,gwang,0.0006414368184733803,0.0002340920670329519,0.00022105554020447637
526,k,0.0006414368184733803,0.0002340920670329519,0.00022105554020447637
527,wr,0.0006414368184733803,0.00015147133749191004,0.00013815971262779773
528,remov,0.0006414368184733803,0.00019278170226243098,0.00017960762641613706
529,to,0.0006414368184733803,0.00019278170226243098,0.00017960762641613706
530,cordlock,0.0006414368184733803,0.00022032194544277826,0.0002072395689416966
531,invert,0.0006414368184733803,0.00022032194544277826,0.0002072395689416966
532,good,0.0006414368184733803,0.00017901158067225735,0.00016579165515335728
533,eclips,0.0006414368184733803,0.0001652414590820837,0.00015197568389057752
534,skinni,0.0006414368184733803,0.00022032194544277826,0.0002072395689416966
535,raven,0.0006414368184733803,0.00022032194544277826,0.0002072395689416966
536,g,0.0006414368184733803,0.0001652414590820837,0.00015197568389057752
537,eider,0.0006414368184733803,0.00019278170226243098,0.00017960762641613706
538,psudo,0.0006414368184733803,0.00020655182385260462,0.00019342359767891682
539,on,0.0006414368184733803,0.00017901158067225735,0.00016579165515335728
540,also,0.0006414368184733803,0.00019278170226243098,0.00017960762641613706
541,silder,0.0006414368184733803,0.00020655182385260462,0.00019342359767891682
542,morphoykk,0.0006414368184733803,0.00020655182385260462,0.00019342359767891682
543,dal,0.0006414368184733803,0.00020655182385260462,0.00019342359767891682
544,peak,0.0006414368184733803,0.00019278170226243098,0.00017960762641613706
545,industri,0.0006414368184733803,0.00020655182385260462,0.00019342359767891682
546,group,0.0006414368184733803,0.00017901158067225735,0.00016579165515335728
547,pinkykk,0.0006414368184733803,0.00020655182385260462,0.00019342359767891682
548,du,0.0006414368184733803,0.00020655182385260462,0.00019342359767891682
549,lift,0.0006414368184733803,0.00017901158067225735,0.00016579165515335728
550,snapref,0.0006414368184733803,0.00019278170226243098,0.00017960762641613706
551,fur,0.0006414368184733803,0.00019278170226243098,0.00017960762641613706
552,need,0.0006414368184733803,0.00015147133749191004,0.00013815971262779773
553,pm,0.0006414368184733803,0.00015147133749191004,0.00013815971262779773
554,ticket,0.0006414368184733803,0.00017901158067225735,0.00016579165515335728
555,jersey,0.0006414368184733803,0.00015147133749191004,0.00013815971262779773
556,dacr,0.0006414368184733803,0.00019278170226243098,0.00017960762641613706
557,stock,0.0006414368184733803,0.0001377012159017364,0.00012434374136501797
558,overal,0.0006414368184733803,0.00019278170226243098,0.00017960762641613706
559,spec,0.0006414368184733803,0.00019278170226243098,0.00017960762641613706
560,touch,0.0006414368184733803,0.0001652414590820837,0.00015197568389057752
561,tsa,0.0006414368184733803,0.00019278170226243098,0.00017960762641613706
562,singtex,0.0006414368184733803,0.00019278170226243098,0.00017960762641613706
563,paint,0.0006414368184733803,0.00017901158067225735,0.00016579165515335728
564,zippernot,0.0006414368184733803,0.0001652414590820837,0.00015197568389057752
565,ocean,0.0006414368184733803,0.00019278170226243098,0.00017960762641613706
566,bemi,0.0006414368184733803,0.00015147133749191004,0.00013815971262779773
567,transpar,0.0006414368184733803,0.00019278170226243098,0.00017960762641613706
568,list,0.0006414368184733803,0.00019278170226243098,0.00017960762641613706
569,all,0.0006414368184733803,0.00019278170226243098,0.00017960762641613706
570,locker,0.0006414368184733803,0.0001652414590820837,0.00015197568389057752
571,hanger,0.0006414368184733803,0.00015147133749191004,0.00013815971262779773
572,waterproof,0.0006414368184733803,0.00017901158067225735,0.00016579165515335728
573,fd,0.0006414368184733803,0.00012393109431156277,0.00011052777010223818
574,wineykk,0.0006414368184733803,0.00017901158067225735,0.00016579165515335728
575,kido,0.0006414368184733803,0.00017901158067225735,0.00016579165515335728
576,asia,0.0006414368184733803,0.00017901158067225735,0.00016579165515335728
577,charg,0.0006414368184733803,0.00017901158067225735,0.00016579165515335728
578,tech,0.0006414368184733803,0.00017901158067225735,0.00016579165515335728
579,athlet,0.0006414368184733803,0.00017901158067225735,0.00016579165515335728
580,lucki,0.0006414368184733803,0.0001652414590820837,0.00015197568389057752
581,joke,0.0006414368184733803,0.00012393109431156277,0.00011052777010223818
582,slidersuppli,0.0006414368184733803,0.00017901158067225735,0.00016579165515335728
583,mmgalpha,0.0006414368184733803,0.0001652414590820837,0.00015197568389057752
584,inform,0.0006414368184733803,0.00017901158067225735,0.00016579165515335728
585,taup,0.0006414368184733803,6.88506079508682e-05,5.526388505111909e-05
586,materi,0.0006414368184733803,0.00017901158067225735,0.00016579165515335728
587,dsyg,0.0006414368184733803,0.00017901158067225735,0.00016579165515335728
588,paddingloc,0.0006414368184733803,0.0001652414590820837,0.00015197568389057752
589,airpil,0.0006414368184733803,9.639085113121549e-05,8.289582757667864e-05
590,cire,0.0006414368184733803,0.00017901158067225735,0.00016579165515335728
591,snowgait,0.0006414368184733803,0.00017901158067225735,0.00016579165515335728
592,gatier,0.0006414368184733803,9.639085113121549e-05,8.289582757667864e-05
593,clotex,0.0006414368184733803,0.0001652414590820837,0.00015197568389057752
594,topsuppli,0.0006414368184733803,0.0001652414590820837,0.00015197568389057752
595,shoe,0.0006414368184733803,0.00017901158067225735,0.00016579165515335728
596,breathabl,0.0006414368184733803,0.00012393109431156277,0.00011052777010223818
597,labelfor,0.0006414368184733803,0.0001652414590820837,0.00015197568389057752
598,lam,0.0006414368184733803,0.00015147133749191004,0.00013815971262779773
599,smooth,0.0006414368184733803,0.0001652414590820837,0.00015197568389057752
600,ltd,0.0006414368184733803,0.00012393109431156277,0.00011052777010223818
601,cd,0.0006414368184733803,0.0001652414590820837,0.00015197568389057752
602,calvari,0.0006414368184733803,0.0001652414590820837,0.00015197568389057752
603,expos,0.0006414368184733803,0.00015147133749191004,0.00013815971262779773
604,crotch,0.0006414368184733803,0.0001652414590820837,0.00015197568389057752
605,khaki,0.0006414368184733803,0.0001652414590820837,0.00015197568389057752
606,ottoman,0.0012828736369467607,0.00012393109431156277,0.00012434374136501797
607,c,0.0006414368184733803,0.0001377012159017364,0.00012434374136501797
608,water,0.0006414368184733803,0.0001652414590820837,0.00015197568389057752
609,caf,0.0006414368184733803,9.639085113121549e-05,8.289582757667864e-05
610,dot,0.0006414368184733803,0.00015147133749191004,0.00013815971262779773
611,ski,0.0006414368184733803,0.00015147133749191004,0.00013815971262779773
612,plus,0.0006414368184733803,0.0001652414590820837,0.00015197568389057752
613,extra,0.0006414368184733803,0.00015147133749191004,0.00013815971262779773
614,pine,0.0006414368184733803,0.00012393109431156277,0.00011052777010223818
615,interlin,0.0006414368184733803,0.0001377012159017364,0.00012434374136501797
616,differ,0.0006414368184733803,0.00015147133749191004,0.00013815971262779773
617,pavement,0.0006414368184733803,0.00015147133749191004,0.00013815971262779773
618,terinda,0.0006414368184733803,0.00015147133749191004,0.00013815971262779773
619,synthet,0.0006414368184733803,0.00015147133749191004,0.00013815971262779773
620,direct,0.0006414368184733803,0.00015147133749191004,0.00013815971262779773
621,braid,0.0006414368184733803,0.00015147133749191004,0.00013815971262779773
622,five,0.0006414368184733803,0.00012393109431156277,0.00011052777010223818
623,cargo,0.0006414368184733803,0.00015147133749191004,0.00013815971262779773
624,jacquard,0.0006414368184733803,0.00015147133749191004,0.00013815971262779773
625,eco,0.0006414368184733803,0.00015147133749191004,0.00013815971262779773
626,yard,0.0006414368184733803,0.00012393109431156277,0.00011052777010223818
627,snowskirt,0.0006414368184733803,0.00015147133749191004,0.00013815971262779773
628,underarm,0.0006414368184733803,0.0001377012159017364,0.00012434374136501797
629,invis,0.0006414368184733803,0.00011016097272138913,9.671179883945841e-05
630,teal,0.0006414368184733803,0.00015147133749191004,0.00013815971262779773
631,font,0.0006414368184733803,0.00015147133749191004,0.00013815971262779773
632,seat,0.0006414368184733803,0.00015147133749191004,0.00013815971262779773
633,a,0.0006414368184733803,0.0001377012159017364,0.00012434374136501797
634,hk,0.0006414368184733803,0.00015147133749191004,0.00013815971262779773
635,past,0.0006414368184733803,0.00015147133749191004,0.00013815971262779773
636,push,0.0006414368184733803,0.00015147133749191004,0.00013815971262779773
637,problem,0.0006414368184733803,0.00015147133749191004,0.00013815971262779773
638,inject,0.0006414368184733803,0.00015147133749191004,0.00013815971262779773
639,hipster,0.0006414368184733803,0.00015147133749191004,0.00013815971262779773
640,shenzhen,0.0006414368184733803,0.00015147133749191004,0.00013815971262779773
641,offic,0.0006414368184733803,0.00015147133749191004,0.00013815971262779773
642,eiderref,0.0006414368184733803,0.00015147133749191004,0.00013815971262779773
643,thin,0.0006414368184733803,0.00015147133749191004,0.00013815971262779773
644,breath,0.0006414368184733803,0.0001377012159017364,0.00012434374136501797
645,wine,0.0006414368184733803,0.00015147133749191004,0.00013815971262779773
646,oval,0.0006414368184733803,0.0001377012159017364,0.00012434374136501797
647,sweatshirt,0.0006414368184733803,0.00012393109431156277,0.00011052777010223818
648,flower,0.0006414368184733803,0.00012393109431156277,0.00011052777010223818
649,resist,0.0006414368184733803,0.0001377012159017364,0.00012434374136501797
650,textil,0.0006414368184733803,0.0001377012159017364,0.00012434374136501797
651,dusti,0.0006414368184733803,9.639085113121549e-05,8.289582757667864e-05
652,graphic,0.0006414368184733803,9.639085113121549e-05,8.289582757667864e-05
653,ice,0.0006414368184733803,9.639085113121549e-05,8.289582757667864e-05
654,outshel,0.0006414368184733803,0.0001377012159017364,0.00012434374136501797
655,thigh,0.0006414368184733803,2.7540243180347282e-05,1.3815971262779773e-05
656,singl,0.0006414368184733803,8.262072954104185e-05,6.907985631389887e-05
657,noir,0.0006414368184733803,0.0001377012159017364,0.00012434374136501797
658,foldabl,0.0006414368184733803,0.0001377012159017364,0.00012434374136501797
659,factori,0.0006414368184733803,0.0001377012159017364,0.00012434374136501797
660,seper,0.0006414368184733803,0.0001377012159017364,0.00012434374136501797
661,dead,0.0006414368184733803,0.00012393109431156277,0.00011052777010223818
662,tba,0.0006414368184733803,0.00011016097272138913,9.671179883945841e-05
663,pill,0.0006414368184733803,0.00012393109431156277,0.00011052777010223818
664,dong,0.0006414368184733803,0.00012393109431156277,0.00011052777010223818
665,readi,0.0006414368184733803,0.00011016097272138913,9.671179883945841e-05
666,dawn,0.0006414368184733803,0.00012393109431156277,0.00011052777010223818
667,total,0.0006414368184733803,0.00012393109431156277,0.00011052777010223818
668,camel,0.0006414368184733803,0.00012393109431156277,0.00011052777010223818
669,junlg,0.0006414368184733803,0.00012393109431156277,0.00011052777010223818
670,hip,0.0006414368184733803,9.639085113121549e-05,8.289582757667864e-05
671,peng,0.0006414368184733803,9.639085113121549e-05,8.289582757667864e-05
672,cleaner,0.0006414368184733803,0.00011016097272138913,9.671179883945841e-05
673,dae,0.0006414368184733803,0.00012393109431156277,0.00011052777010223818
674,cut,0.0006414368184733803,0.00012393109431156277,0.00011052777010223818
675,damask,0.0006414368184733803,0.00012393109431156277,0.00011052777010223818
676,smlref,0.0006414368184733803,0.00011016097272138913,9.671179883945841e-05
677,tube,0.0006414368184733803,9.639085113121549e-05,8.289582757667864e-05
678,must,0.0006414368184733803,0.00012393109431156277,0.00011052777010223818
679,orangeykk,0.0006414368184733803,0.00012393109431156277,0.00011052777010223818
680,ninja,0.0006414368184733803,9.639085113121549e-05,8.289582757667864e-05
681,comfort,0.0006414368184733803,0.00012393109431156277,0.00011052777010223818
682,strength,0.0006414368184733803,0.00012393109431156277,0.00011052777010223818
683,drymaxx,0.0006414368184733803,0.00012393109431156277,0.00011052777010223818
684,utx,0.0006414368184733803,0.00011016097272138913,9.671179883945841e-05
685,za,0.0006414368184733803,0.00012393109431156277,0.00011052777010223818
686,li,0.0006414368184733803,9.639085113121549e-05,8.289582757667864e-05
687,spun,0.0006414368184733803,6.88506079508682e-05,5.526388505111909e-05
688,suspend,0.0006414368184733803,0.00012393109431156277,0.00011052777010223818
689,seamtap,0.0006414368184733803,0.00012393109431156277,0.00011052777010223818
690,string,0.0006414368184733803,0.00012393109431156277,0.00011052777010223818
691,activ,0.0006414368184733803,0.00012393109431156277,0.00011052777010223818
692,polytricot,0.0006414368184733803,0.00012393109431156277,0.00011052777010223818
693,sns,0.0006414368184733803,0.00012393109431156277,0.00011052777010223818
694,maxland,0.0006414368184733803,0.00012393109431156277,0.00011052777010223818
695,sourcingto,0.0006414368184733803,0.00011016097272138913,9.671179883945841e-05
696,looker,0.0006414368184733803,0.00012393109431156277,0.00011052777010223818
697,critterflag,0.0006414368184733803,0.00012393109431156277,0.00011052777010223818
698,sage,0.0006414368184733803,0.00012393109431156277,0.00011052777010223818
699,storag,0.0006414368184733803,0.00012393109431156277,0.00011052777010223818
700,dennsion,0.0006414368184733803,0.00012393109431156277,0.00011052777010223818
701,dri,0.0006414368184733803,0.00012393109431156277,0.00011052777010223818
702,wideto,0.0006414368184733803,9.639085113121549e-05,8.289582757667864e-05
703,powderskirt,0.0006414368184733803,9.639085113121549e-05,8.289582757667864e-05
704,windflap,0.0006414368184733803,0.00012393109431156277,0.00011052777010223818
705,bias,0.0006414368184733803,0.00011016097272138913,9.671179883945841e-05
706,or,0.0006414368184733803,0.00011016097272138913,9.671179883945841e-05
707,vymj,0.0006414368184733803,9.639085113121549e-05,8.289582757667864e-05
708,greyykk,0.0006414368184733803,1.3770121590173641e-05,0.0
709,shirt,0.0006414368184733803,0.00012393109431156277,0.00011052777010223818
710,polybag,0.0006414368184733803,9.639085113121549e-05,8.289582757667864e-05
711,pinloc,0.0006414368184733803,0.00011016097272138913,9.671179883945841e-05
712,wing,0.0006414368184733803,0.00012393109431156277,0.00011052777010223818
713,unicolorref,0.0006414368184733803,0.00011016097272138913,9.671179883945841e-05
714,morphoblu,0.0006414368184733803,0.00012393109431156277,0.00011052777010223818
715,finnish,0.0006414368184733803,0.00012393109431156277,0.00011052777010223818
716,stretchabl,0.0006414368184733803,0.00012393109431156277,0.00011052777010223818
717,long,0.0006414368184733803,5.5080486360694565e-05,4.144791378833932e-05
718,powernet,0.0006414368184733803,0.00011016097272138913,9.671179883945841e-05
719,bartack,0.0006414368184733803,0.00011016097272138913,9.671179883945841e-05
720,type,0.0006414368184733803,0.00011016097272138913,9.671179883945841e-05
721,caviar,0.0006414368184733803,6.88506079508682e-05,5.526388505111909e-05
722,up,0.0006414368184733803,8.262072954104185e-05,6.907985631389887e-05
723,violet,0.0006414368184733803,9.639085113121549e-05,8.289582757667864e-05
724,fornt,0.0006414368184733803,0.00011016097272138913,9.671179883945841e-05
725,power,0.0006414368184733803,0.00011016097272138913,9.671179883945841e-05
726,vintag,0.0006414368184733803,9.639085113121549e-05,8.289582757667864e-05
727,hyperbola,0.0006414368184733803,9.639085113121549e-05,8.289582757667864e-05
728,dx,0.0006414368184733803,0.00011016097272138913,9.671179883945841e-05
729,bar,0.0006414368184733803,0.00011016097272138913,9.671179883945841e-05
730,sealon,0.0006414368184733803,0.00011016097272138913,9.671179883945841e-05
731,bead,0.0006414368184733803,8.262072954104185e-05,6.907985631389887e-05
732,hoodi,0.0006414368184733803,0.00011016097272138913,9.671179883945841e-05
733,brake,0.0006414368184733803,0.00011016097272138913,9.671179883945841e-05
734,overlay,0.0006414368184733803,0.00011016097272138913,9.671179883945841e-05
735,effectykk,0.0006414368184733803,9.639085113121549e-05,8.289582757667864e-05
736,armhol,0.0006414368184733803,9.639085113121549e-05,8.289582757667864e-05
737,earphon,0.0006414368184733803,8.262072954104185e-05,6.907985631389887e-05
738,blanket,0.0006414368184733803,9.639085113121549e-05,8.289582757667864e-05
739,stone,0.0006414368184733803,9.639085113121549e-05,8.289582757667864e-05
740,quilt,0.0006414368184733803,8.262072954104185e-05,6.907985631389887e-05
741,section,0.0006414368184733803,9.639085113121549e-05,8.289582757667864e-05
742,point,0.0006414368184733803,9.639085113121549e-05,8.289582757667864e-05
743,sw,0.0006414368184733803,8.262072954104185e-05,6.907985631389887e-05
744,gain,0.0006414368184733803,6.88506079508682e-05,5.526388505111909e-05
745,r,0.0006414368184733803,9.639085113121549e-05,8.289582757667864e-05
746,fashion,0.0006414368184733803,9.639085113121549e-05,8.289582757667864e-05
747,rope,0.0006414368184733803,9.639085113121549e-05,8.289582757667864e-05
748,window,0.0006414368184733803,9.639085113121549e-05,8.289582757667864e-05
749,pizza,0.0006414368184733803,5.5080486360694565e-05,4.144791378833932e-05
750,yarn,0.0006414368184733803,9.639085113121549e-05,8.289582757667864e-05
751,loft,0.0006414368184733803,9.639085113121549e-05,8.289582757667864e-05
752,bang,0.0006414368184733803,9.639085113121549e-05,8.289582757667864e-05
753,phone,0.0006414368184733803,9.639085113121549e-05,8.289582757667864e-05
754,style,0.0006414368184733803,9.639085113121549e-05,8.289582757667864e-05
755,wb,0.0006414368184733803,6.88506079508682e-05,5.526388505111909e-05
756,primaloft,0.0006414368184733803,9.639085113121549e-05,8.289582757667864e-05
757,motley,0.0006414368184733803,9.639085113121549e-05,8.289582757667864e-05
758,glacier,0.0006414368184733803,6.88506079508682e-05,5.526388505111909e-05
759,labels,0.0006414368184733803,9.639085113121549e-05,8.289582757667864e-05
760,zipperelast,0.0006414368184733803,6.88506079508682e-05,5.526388505111909e-05
761,laf,0.0006414368184733803,9.639085113121549e-05,8.289582757667864e-05
762,spruce,0.0006414368184733803,1.3770121590173641e-05,0.0
763,jia,0.0006414368184733803,9.639085113121549e-05,8.289582757667864e-05
764,premier,0.0006414368184733803,9.639085113121549e-05,8.289582757667864e-05
765,bicep,0.0006414368184733803,8.262072954104185e-05,6.907985631389887e-05
766,bunge,0.0006414368184733803,6.88506079508682e-05,5.526388505111909e-05
767,tai,0.0006414368184733803,9.639085113121549e-05,8.289582757667864e-05
768,clean,0.0006414368184733803,9.639085113121549e-05,8.289582757667864e-05
769,pipe,0.0006414368184733803,9.639085113121549e-05,8.289582757667864e-05
770,down,0.0006414368184733803,8.262072954104185e-05,6.907985631389887e-05
771,blood,0.0006414368184733803,9.639085113121549e-05,8.289582757667864e-05
772,slit,0.0006414368184733803,9.639085113121549e-05,8.289582757667864e-05
773,anorak,0.0006414368184733803,8.262072954104185e-05,6.907985631389887e-05
774,english,0.0006414368184733803,9.639085113121549e-05,8.289582757667864e-05
775,leash,0.0006414368184733803,9.639085113121549e-05,8.289582757667864e-05
776,moroccan,0.0006414368184733803,8.262072954104185e-05,6.907985631389887e-05
777,mold,0.0006414368184733803,9.639085113121549e-05,8.289582757667864e-05
778,eboni,0.0006414368184733803,9.639085113121549e-05,8.289582757667864e-05
779,pvc,0.0006414368184733803,9.639085113121549e-05,8.289582757667864e-05
780,er,0.0006414368184733803,9.639085113121549e-05,8.289582757667864e-05
781,d,0.0006414368184733803,9.639085113121549e-05,8.289582757667864e-05
782,grip,0.0006414368184733803,6.88506079508682e-05,5.526388505111909e-05
783,centr,0.0006414368184733803,6.88506079508682e-05,5.526388505111909e-05
784,handwarm,0.0006414368184733803,6.88506079508682e-05,5.526388505111909e-05
785,outlet,0.0006414368184733803,9.639085113121549e-05,8.289582757667864e-05
786,trimtricolordrawstr,0.0006414368184733803,9.639085113121549e-05,8.289582757667864e-05
787,version,0.0006414368184733803,9.639085113121549e-05,8.289582757667864e-05
788,over,0.0006414368184733803,9.639085113121549e-05,8.289582757667864e-05
789,elastin,0.0006414368184733803,6.88506079508682e-05,5.526388505111909e-05
790,zipnrip,0.0006414368184733803,6.88506079508682e-05,5.526388505111909e-05
791,defend,0.0006414368184733803,8.262072954104185e-05,6.907985631389887e-05
792,mahogani,0.0006414368184733803,8.262072954104185e-05,6.907985631389887e-05
793,for,0.0006414368184733803,6.88506079508682e-05,5.526388505111909e-05
794,colorway,0.0006414368184733803,8.262072954104185e-05,6.907985631389887e-05
795,floral,0.0006414368184733803,8.262072954104185e-05,6.907985631389887e-05
796,eagl,0.0006414368184733803,8.262072954104185e-05,6.907985631389887e-05
797,pkts,0.0006414368184733803,8.262072954104185e-05,6.907985631389887e-05
798,name,0.0006414368184733803,8.262072954104185e-05,6.907985631389887e-05
799,sierradesign,0.0006414368184733803,8.262072954104185e-05,6.907985631389887e-05
800,pop,0.0006414368184733803,8.262072954104185e-05,6.907985631389887e-05
801,with,0.0006414368184733803,6.88506079508682e-05,5.526388505111909e-05
802,kiss,0.0006414368184733803,8.262072954104185e-05,6.907985631389887e-05
803,cleaer,0.0006414368184733803,6.88506079508682e-05,5.526388505111909e-05
804,snow,0.0006414368184733803,5.5080486360694565e-05,4.144791378833932e-05
805,sand,0.0006414368184733803,8.262072954104185e-05,6.907985631389887e-05
806,silicon,0.0006414368184733803,5.5080486360694565e-05,4.144791378833932e-05
807,shorter,0.0006414368184733803,6.88506079508682e-05,5.526388505111909e-05
808,xs,0.0012828736369467607,6.88506079508682e-05,6.907985631389887e-05
809,beltloop,0.0006414368184733803,2.7540243180347282e-05,1.3815971262779773e-05
810,jean,0.0006414368184733803,8.262072954104185e-05,6.907985631389887e-05
811,blair,0.0006414368184733803,8.262072954104185e-05,6.907985631389887e-05
812,saphir,0.0006414368184733803,8.262072954104185e-05,6.907985631389887e-05
813,co,0.0012828736369467607,6.88506079508682e-05,6.907985631389887e-05
814,edier,0.0006414368184733803,6.88506079508682e-05,5.526388505111909e-05
815,dye,0.0006414368184733803,6.88506079508682e-05,5.526388505111909e-05
816,approv,0.0006414368184733803,8.262072954104185e-05,6.907985631389887e-05
817,polyestr,0.003848620910840282,1.3770121590173641e-05,6.907985631389887e-05
818,triangl,0.0006414368184733803,8.262072954104185e-05,6.907985631389887e-05
819,sms,0.0006414368184733803,5.5080486360694565e-05,4.144791378833932e-05
820,pacif,0.0006414368184733803,5.5080486360694565e-05,4.144791378833932e-05
821,smoke,0.0006414368184733803,8.262072954104185e-05,6.907985631389887e-05
822,windbreak,0.0006414368184733803,6.88506079508682e-05,5.526388505111909e-05
823,qi,0.0006414368184733803,6.88506079508682e-05,5.526388505111909e-05
824,outerwear,0.0006414368184733803,6.88506079508682e-05,5.526388505111909e-05
825,hoodsnowskirt,0.0006414368184733803,6.88506079508682e-05,5.526388505111909e-05
826,pearlsuppli,0.0006414368184733803,4.131036477052093e-05,2.7631942525559546e-05
827,packabl,0.0006414368184733803,6.88506079508682e-05,5.526388505111909e-05
828,protect,0.0006414368184733803,6.88506079508682e-05,5.526388505111909e-05
829,fish,0.0006414368184733803,6.88506079508682e-05,5.526388505111909e-05
830,blaster,0.0006414368184733803,6.88506079508682e-05,5.526388505111909e-05
831,butt,0.0006414368184733803,6.88506079508682e-05,5.526388505111909e-05
832,soil,0.0006414368184733803,5.5080486360694565e-05,4.144791378833932e-05
833,stoog,0.0006414368184733803,6.88506079508682e-05,5.526388505111909e-05
834,sliplok,0.0006414368184733803,6.88506079508682e-05,5.526388505111909e-05
835,fusibl,0.0006414368184733803,6.88506079508682e-05,5.526388505111909e-05
836,cavalri,0.0006414368184733803,6.88506079508682e-05,5.526388505111909e-05
837,tether,0.0006414368184733803,4.131036477052093e-05,2.7631942525559546e-05
838,neat,0.0006414368184733803,6.88506079508682e-05,5.526388505111909e-05
839,totex,0.0006414368184733803,6.88506079508682e-05,5.526388505111909e-05
840,tini,0.0006414368184733803,6.88506079508682e-05,5.526388505111909e-05
841,msrp,0.0006414368184733803,6.88506079508682e-05,5.526388505111909e-05
842,lunar,0.0006414368184733803,6.88506079508682e-05,5.526388505111909e-05
843,blossom,0.0006414368184733803,6.88506079508682e-05,5.526388505111909e-05
844,standard,0.0006414368184733803,6.88506079508682e-05,5.526388505111909e-05
845,comment,0.0006414368184733803,6.88506079508682e-05,5.526388505111909e-05
846,pig,0.0006414368184733803,6.88506079508682e-05,5.526388505111909e-05
847,nilorn,0.0006414368184733803,6.88506079508682e-05,5.526388505111909e-05
848,nightcandi,0.0006414368184733803,6.88506079508682e-05,5.526388505111909e-05
849,spray,0.0006414368184733803,6.88506079508682e-05,5.526388505111909e-05
850,smlwith,0.0006414368184733803,6.88506079508682e-05,5.526388505111909e-05
851,benefit,0.0006414368184733803,5.5080486360694565e-05,4.144791378833932e-05
852,openingsnowskirt,0.0006414368184733803,6.88506079508682e-05,5.526388505111909e-05
853,anthracit,0.0006414368184733803,5.5080486360694565e-05,4.144791378833932e-05
854,pit,0.0006414368184733803,6.88506079508682e-05,5.526388505111909e-05
855,wellsucce,0.0006414368184733803,4.131036477052093e-05,2.7631942525559546e-05
856,half,0.0006414368184733803,6.88506079508682e-05,5.526388505111909e-05
857,contain,0.0006414368184733803,6.88506079508682e-05,5.526388505111909e-05
858,duck,0.0006414368184733803,6.88506079508682e-05,5.526388505111909e-05
859,loi,0.0006414368184733803,6.88506079508682e-05,5.526388505111909e-05
860,translat,0.0006414368184733803,6.88506079508682e-05,5.526388505111909e-05
861,kam,0.0006414368184733803,6.88506079508682e-05,5.526388505111909e-05
862,info,0.0006414368184733803,6.88506079508682e-05,5.526388505111909e-05
863,vymb,0.0006414368184733803,6.88506079508682e-05,5.526388505111909e-05
864,beverag,0.0006414368184733803,6.88506079508682e-05,5.526388505111909e-05
865,keep,0.0006414368184733803,4.131036477052093e-05,2.7631942525559546e-05
866,chic,0.0006414368184733803,6.88506079508682e-05,5.526388505111909e-05
867,printabl,0.0006414368184733803,6.88506079508682e-05,5.526388505111909e-05
868,lasercut,0.0006414368184733803,6.88506079508682e-05,5.526388505111909e-05
869,drytex,0.0006414368184733803,4.131036477052093e-05,2.7631942525559546e-05
870,indic,0.0006414368184733803,4.131036477052093e-05,2.7631942525559546e-05
871,dress,0.0006414368184733803,6.88506079508682e-05,5.526388505111909e-05
872,bifac,0.0006414368184733803,5.5080486360694565e-05,4.144791378833932e-05
873,enamel,0.0006414368184733803,6.88506079508682e-05,5.526388505111909e-05
874,work,0.0006414368184733803,4.131036477052093e-05,2.7631942525559546e-05
875,possibl,0.0006414368184733803,5.5080486360694565e-05,4.144791378833932e-05
876,mtn,0.0006414368184733803,6.88506079508682e-05,5.526388505111909e-05
877,straight,0.0006414368184733803,6.88506079508682e-05,5.526388505111909e-05
878,buckl,0.0006414368184733803,6.88506079508682e-05,5.526388505111909e-05
879,advis,0.0006414368184733803,6.88506079508682e-05,5.526388505111909e-05
880,workwear,0.0006414368184733803,6.88506079508682e-05,5.526388505111909e-05
881,twoway,0.0006414368184733803,6.88506079508682e-05,5.526388505111909e-05
882,lockref,0.0006414368184733803,5.5080486360694565e-05,4.144791378833932e-05
883,ducoil,0.0006414368184733803,6.88506079508682e-05,5.526388505111909e-05
884,fininsh,0.0006414368184733803,5.5080486360694565e-05,4.144791378833932e-05
885,spanish,0.0006414368184733803,6.88506079508682e-05,5.526388505111909e-05
886,topmad,0.0006414368184733803,6.88506079508682e-05,5.526388505111909e-05
887,exact,0.0006414368184733803,6.88506079508682e-05,5.526388505111909e-05
888,teri,0.0006414368184733803,6.88506079508682e-05,5.526388505111909e-05
889,waydu,0.0006414368184733803,6.88506079508682e-05,5.526388505111909e-05
890,french,0.0006414368184733803,6.88506079508682e-05,5.526388505111909e-05
891,led,0.0006414368184733803,6.88506079508682e-05,5.526388505111909e-05
892,fizz,0.0006414368184733803,6.88506079508682e-05,5.526388505111909e-05
893,holeref,0.0006414368184733803,5.5080486360694565e-05,4.144791378833932e-05
894,skipass,0.0006414368184733803,6.88506079508682e-05,5.526388505111909e-05
895,background,0.0006414368184733803,6.88506079508682e-05,5.526388505111909e-05
896,plasitc,0.0006414368184733803,6.88506079508682e-05,5.526388505111909e-05
897,true,0.0006414368184733803,6.88506079508682e-05,5.526388505111909e-05
898,shuang,0.0006414368184733803,6.88506079508682e-05,5.526388505111909e-05
899,transfert,0.0006414368184733803,6.88506079508682e-05,5.526388505111909e-05
